# CadForge sample L bracket; drawing units
o L_Bracket
v 105.70075115296287 0.7358825926871928 0
v 104.45402840621028 26.11350710155257 0
v 120 30 0
v 120 0 0
v 105.73690274654177 0 0
v 104.3416390083421 28.401245851251304 0
v 104.26309725345821 30 0
v 104.97592363336098 15.490085701647818 0
v 103.43777467902292 25.85944366975573 0
v 103.07984437786394 28.27241375947487 0
v 102.82358116681796 30 0
v 104.90392640201614 15.975451610080619 0
v 102.48761587411785 25.621903968529463 0
v 101.85502289386079 28.14735670975748 0
v 101.39095990776909 30 0
v 104.78470167866098 16.451423386272484 0
v 101.58425792020239 25.396064480050597 0
v 100.64406931425165 28.023715604511942 0
v 99.93694345060146 30 0
v 104.61939766255648 16.91341716182536 0
v 100.71069535539922 25.177673838849806 0
v 99.42355732039681 27.899098563506655 0
v 98.42990494331595 30 0
v 104.40960632174178 17.356983684129982 0
v 99.85090035957701 24.962725089894253 0
v 98.1677579203716 27.770878598348354 0
v 96.83167396984483 30 0
v 104.15734806151264 17.777851165098152 0
v 98.98856943973429 24.747142359933573 0
v 96.84609562882372 27.635933882679673 0
v 95.09278470148999 30 0
v 103.8650522668137 18.171966420818237 0
v 98.10570548100041 24.526426370250103 0
v 95.41943542812993 27.490268642497192 0
v 93.14474751725862 30 0
v 103.53553390593294 18.535533905932546 0
v 97.18073859235604 24.29518464808901 0
v 93.8340987704525 27.328402176397994 0
v 90.88644480856803 30 0
v 28.77943067160332 86.2905164392692 0
v 24.686646264558398 90 0
v 30 90 0
v 30 85.18425688388528 0
v 103.17196642081824 18.865052266813656 0
v 96.18569553695161 24.046423884237903 0
v 92.01139045803893 27.14229952631971 0
v 88.1582274177841 30 0
v 19.324707111778487 83.74590252357714 0
v 25.538787576161038 76.44174176578986 0
v 19.462134955424723 80.94849450146447 0
v 19.057554768470894 89.18391339871444 0
v 19.01746300461067 90 0
v 30 73.133081134614 0
v 102.77785116509799 19.157348061512728 0
v 95.08148637046624 23.77037159261656 0
v 89.8277430185264 26.91934417325402 0
v 84.68797928450715 30 0
v 19.886499485868654 72.31035604081991 0
v 22.51858054020719 67.26290358820684 0
v 20.062133614871136 68.73524121406713 0
v 30 62.77871333280802 0
v 102.35698368412987 19.409606321741826 0
v 93.80934788586853 23.452336971467133 0
v 87.07354527992985 26.638134341433094 0
v 79.96547755494687 30 0
v 20.315694480622046 63.573891220310706 0
v 20.444180115205153 60.958506045278256 0
v 20.545358088866013 58.8989810780628 0
v 20.58536097971879 58.084703528403246 0
v 30 53.63191089407826 0
v 101.91341716182535 19.619397662556477 0
v 92.2738951526733 23.068473788168326 0
v 83.35770284882167 26.25873840682694 0
v 72.90157716299342 30 0
v 21.03667809924181 48.89793251334977 0
v 21.05369883369461 48.55146750424228 0
v 30 45.35042976233544 0
v 101.4514233862724 19.784701678661023 0
v 90.3059698348455 22.576492458711375 0
v 77.85045666955345 25.696436089108232 0
v 60.66966646951702 30 0
v 21.482855386489305 39.81578518777875 0
v 21.089593597319954 47.82081280536009 0
v 25.60886295259009 38.78227409481982 0
v 30 37.682351524030665 0
v 100.97545161008063 19.903926402016157 0
v 87.56984260773064 21.89246065193266 0
v 68.41802896899705 24.733363841184538 0
v 32.913251967704284 30 0
v 21.732809559596618 34.72785110936235 0
v 21.88470588999671 31.635930273548887 0
v 29.76662066947937 30.466758661041258 0
v 30 30.432140107577442 0
v 100.49008570164777 19.97592363336099 0
v 83.2846833914995 20.821170847874875 0
v 47.378158003946055 22.585145326332757 0
v 23.746113239234074 23.746113239234074 0
v 30 30 0
v 22.18005047394484 25.624053156777368 0
v 22.187431258340858 25.473813838957152 0
v 22.268742188876626 23.818691824878744 0
v 100.00000000000004 20 0
v 75.10866935545283 18.777167338863208 0
v 22.454359287427554 20.04036898468116 0
v 22.341320774521293 22.341320774521293 0
v 22.61836807462984 16.701893426571612 0
v 22.63961838331445 16.26933345612105 0
v 22.643039441351107 16.199696220012697 0
v 99.50991429835217 19.97592363336098 0
v 51.296639782202504 12.824159945550626 0
v 23.009195973780624 8.74640877846602 0
v 23.014965378687567 8.628969843667319 0
v 23.162529569965386 5.6252317255039195 0
v 99.02454838991937 19.903926402016157 0
v 36.68155391245318 4.28781922613203 0
v 23.194133316716037 4.981922681692931 0
v 23.154502541897045 5.788625635474261 0
v 23.39177164618892 0.9589020646511177 0
v 98.54857661372765 19.784701678661033 0
v 52.90437155925522 3.4529439653176235 0
v 23.411634840064906 0.5545774647796609 0
v 23.426328450595467 0.2554821513306831 0
v 43.25403966229153 0 0
v 23.438879483862667 0 0
v 98.08658283817459 19.619397662556455 0
v 62.82592936267864 2.9423505937369963 0
v 56.604851718594006 0 0
v 97.64301631586996 19.409606321741755 0
v 69.58842609464259 2.5943320592398202 0
v 65.26004454798698 0 0
v 97.22214883490207 19.157348061512796 0
v 74.54553401565711 2.339224293218793 0
v 71.39145517761537 0 0
v 96.82803357918178 18.86505226681369 0
v 78.3770368014816 2.1420435717639776 0
v 76.01365591942715 0 0
v 96.46446609406725 18.535533905932734 0
v 81.46236255926551 1.9832633769292636 0
v 79.66483741216628 0 0
v 96.13494773318642 18.171966420818364 0
v 84.03056519715516 1.8510959018448705 0
v 82.65769891035004 0 0
v 95.84265193848728 17.777851165097996 0
v 86.22871851798695 1.7379722838030156 0
v 85.1870180196969 0 0
v 95.59039367825818 17.356983684129897 0
v 88.15623531161134 1.6387764399713773 0
v 87.38115177994429 0 0
v 95.38060233744358 16.91341716182549 0
v 89.88344408049736 1.5498890529095555 0
v 89.3288849099636 0 0
v 95.21529832133895 16.451423386272285 0
v 91.46230547143865 1.4686360705824224 0
v 91.09443128649112 0 0
v 95.09607359798385 15.975451610080654 0
v 92.93296404817231 1.3929515323258084 0
v 92.72633920703173 0 0
v 95.02407636663902 15.49008570164781 0
v 94.3280016174431 1.3211586798233674 0
v 94.26309725345779 0 0
v 95 15.000000000000151 0
v 95.67540490948122 1.251817231293663 0
v 95.73690274654179 0 0
v 95.02407636663902 14.509914298352196 0
v 97.00084747601181 1.1836059481171621 0
v 97.17641883318204 0 0
v 95.09607359798389 14.024548389919122 0
v 98.3296921288666 1.1152195832890608 0
v 98.60904009223047 0 0
v 95.2152983213389 13.5485766137278 0
v 99.68905560092342 1.0452626277229145 0
v 100.06305654939895 0 0
v 95.38060233744356 13.08658283817453 0
v 101.11031642173988 0.972120247385653 0
v 101.57009505668404 0 0
v 95.59039367825821 12.643016315870028 0
v 102.63261605054485 0.8937781044049138 0
v 103.16832603015514 0 0
v 95.84265193848734 12.22214883490188 0
v 104.30830112350812 0.8075422825648775 0
v 104.90721529851008 0 0
v 96.13494773318621 11.828033579181879 0
v 105.67281070597036 1.3046234568708819 0
v 96.46446609406725 11.46446609406727 0
v 105.5795475905019 3.2030377843950557 0
v 96.82803357918172 11.134947733186362 0
v 105.50606139473474 4.698883663217396 0
v 97.22214883490204 10.84265193848724 0
v 105.44640474582158 5.913222648784911 0
v 97.64301631586997 10.590393678258256 0
v 105.39679111432886 6.923131318393375 0
v 98.08658283817464 10.380602337443538 0
v 105.35469435932339 7.780030452024497 0
v 98.54857661372768 10.21529832133896 0
v 105.31836385313221 8.519554894598645 0
v 99.02454838991937 10.096073597983846 0
v 105.28654739432943 9.167193791700502 0
v 99.50991429835219 10.024076366639017 0
v 105.25832493933359 9.741675060666319 0
v 100.00000000000001 10 0
v 105.2330046675043 10.257081034143404 0
v 100.49008570164781 10.024076366639015 0
v 105.21005571081304 10.724217779099925 0
v 100.97545161008061 10.096073597983843 0
v 105.1890632871958 11.151528378411014 0
v 101.45142338627232 10.215298321338961 0
v 105.16969798085404 11.545718244698726 0
v 101.9134171618255 10.380602337443586 0
v 105.15169421497582 11.912193318160828 0
v 102.35698368412994 10.590393678258193 0
v 105.13483484922796 12.25537359181938 0
v 102.77785116509794 10.842651938487228 0
v 105.11893994923095 12.578921714110852 0
v 103.17196642081824 11.134947733186332 0
v 105.10385845370415 12.885912608043116 0
v 103.53553390593281 11.464466094067335 0
v 105.08946188885429 13.178961417755687 0
v 103.86505226681368 11.828033579181767 0
v 105.07563955067248 13.460321575117193 0
v 104.15734806151266 12.22214883490191 0
v 105.06229475281958 13.731961175773755 0
v 104.40960632174178 12.643016315870023 0
v 105.04934185549996 13.995623457813226 0
v 104.61939766255642 13.08658283817453 0
v 105.03670387024731 14.252875557468641 0
v 104.78470167866104 13.548576613727699 0
v 105.02431048994666 14.505148608942898 0
v 104.90392640201614 14.024548389919255 0
v 105.01209643094077 14.753771491606944 0
v 104.97592363336099 14.509914298352216 0
v 104.99999999999999 15.000000000000018 0
v 18.060095622869007 83.40554905134059 0
v 18.2963086422759 81.81313022346963 0
v 17.117299128725097 89.761366744604 0
v 17.081901229126444 90 0
v 19.723576494683087 72.19127192668753 0
v 19.97592363336098 70.4900857016478 0
v 16.87054306847526 83.08539669953419 0
v 16.93663807501779 82.82153064242664 0
v 16.60263546478565 84.15494380683666 0
v 16.315486267290026 90 0
v 15.138525106812775 90 0
v 19.61859920298282 72.114541640218 0
v 19.903926402016147 70.97545161008067 0
v 16.657989297327163 83.02819066061893 0
v 15.159020620022968 84.3793358904214 0
v 15.275637947371763 84.05341229445327 0
v 13.147914844028554 90 0
v 19.562187445945902 72.07330900592551 0
v 19.78470167866103 71.45142338627237 0
v 16.81961149188256 79.73829531186706 0
v 16.170748054161667 81.55174713521153 0
v 12.656633024047537 86.63494610737386 0
v 13.122255888593424 85.65046927467867 0
v 11.0650810638594 90 0
v 19.54850461612812 72.06330791488355 0
v 19.61939766255643 71.91341716182546 0
v 16.92405820425162 77.61223363970235 0
v 15.71457971521003 80.16946105005714 0
v 8.988339941810954 89.74381623358092 0
v 8.952570944781822 89.80349319980884 0
v 8.923421914517466 90 0
v 10.09697487578711 87.89417059045294 0
v 8.834789301435597 90 0
v 19.40960632174175 72.35698368413003 0
v 16.983369992812378 76.4049144478737 0
v 15.36390195768118 79.10683363115452 0
v 9.308948182845226 88.47861101775025 0
v 9.12933925041407 88.61181808060316 0
v 7.25759260858308 90 0
v 19.157348061512717 72.77785116509803 0
v 17.019976961670533 75.65976247843258 0
v 9.71700938174436 85.50667436521663 0
v 10.241127931181161 84.79998230913803 0
v 9.5581758432864 85.72083660005397 0
v 15.086615805817882 78.26659822549809 0
v 8.868712426889845 86.650470401124 0
v 7.151993117460234 88.96519843315848 0
v 6.384531970129039 90 0
v 18.865052266813702 73.1719664208182 0
v 17.043458466644182 75.18178546415552 0
v 10.07971063520939 82.86509719002663 0
v 10.984367339801292 81.86696233010211 0
v 9.962621555338725 82.99428508167898 0
v 14.862650514102947 77.58793624951224 0
v 8.584868379794093 84.51440145941939 0
v 4.048148647870358 89.51990033115246 0
v 3.61301167216337 90 0
v 18.53553390593273 73.53553390593274 0
v 17.058570368929225 74.87417562644036 0
v 10.340918921068008 80.96269999866662 0
v 11.473673255299635 79.93603131464164 0
v 10.252027875897092 81.04326614580845 0
v 14.678861797608775 77.03101775314721 0
v 2.0356298964521846 88.49017519401283 0
v 1.6530853406126844 88.83689336922164 0
v 1.3617422962906538 90 0
v 8.352403355018238 82.76498545250632 0
v 0.36979492990052276 90 0
v 18.171966420818208 73.86505226681369 0
v 17.067919521559237 74.68386925275907 0
v 10.538085280642335 79.52672438460093 0
v 11.817922503669768 78.57753240900334 0
v 10.46943291048591 79.5776404524303 0
v 14.526336948718315 76.56883535630202 0
v 3.80875907850628 84.51753283845784 0
v 2.490046616884326 85.4955566559955 0
v 8.156779908324433 81.29282081482103 0
v 2.1120515469496444 85.77589690610071 0
v 0 87.3423010896506 0
v 0 90 0
v 17.777851165098085 74.15734806151266 0
v 17.073032098799164 74.57980035227149 0
v 10.692195927188262 78.40432637113847 0
v 12.071274410737907 77.57773853836173 0
v 10.638723416958577 78.43637656035621 0
v 14.398883158477155 76.18262354433051 0
v 3.14129257104602 82.93016367127169 0
v 2.7287998601891825 84.54240027962163 0
v 3.7033646984926887 82.59327060301462 0
v 3.131116278366145 82.9362631063744 0
v 3.9282017317167024 82.45850847146268 0
v 5.0198015831120095 81.8042286997257 0
v 7.988306682164792 80.02497521583622 0
v 3.123551912133074 82.94079701301243 0
v 2.470706646321103 83.33209740660358 0
v 2.0413072850203706 83.589469479105 0
v 0 84.81298198030312 0
v 17.356983684129908 74.40960632174182 0
v 17.074837451620294 74.5430515513693 0
v 10.815910710734643 77.50330343469251 0
v 12.263649900983657 76.8185737930273 0
v 10.774205821513728 77.52302837827645 0
v 14.29214003482474 75.8591694114774 0
v 3.664362442556566 80.88573385862735 0
v 4.833648669926812 80.33270266014637 0
v 3.642110948317935 80.89625803161316 0
v 5.2707016794244534 80.12599198145666 0
v 5.902158240249477 79.82733527068096 0
v 7.840238969952149 78.91069135269785 0
v 3.625544479171997 80.9040933879801 0
v 2.1061826929846283 81.62269799468204 0
v 0.9998741122544026 82.14594298463375 0
v 0 82.6188482200557 0
v 10.917305177904382 76.764840836046 0
v 12.41286790712481 76.22971993494616 0
v 10.884955336451375 76.7764157944015 0
v 14.203042528482776 75.5891852132722 0
v 16.913417161825446 74.61939766255644 0
v 4.094064151196272 79.20623551331018 0
v 5.68074376524474 78.63851246951052 0
v 4.062621481306576 79.21748588049012 0
v 6.242525648282305 78.43750369762883 0
v 6.575696441901473 78.31829328149699 0
v 7.707698333376492 77.91325652818836 0
v 4.039180542164654 79.22587318262808 0
v 1.7683350820897303 80.03839468046402 0
v 0.3680333114086956 80.53943066558054 0
v 0 80.76002134326549 0
v 0 80.6711150900369 0
v 11.001757084498706 76.14977202464927 0
v 12.530140296458917 75.76693195987794 0
v 10.976988865204545 76.15597614060961 0
v 14.12949309212837 75.36631493981724 0
v 16.45142338627236 74.78470167866104 0
v 5.315293561472747 77.57415698677072 0
v 4.366068526601738 78.14310057754581 0
v 6.341439608649441 77.31712078270111 0
v 4.325676721591673 78.16731049377861 0
v 6.979337351683022 77.15733571613576 0
v 7.108289370931109 77.12503491682378 0
v 7.58702355540236 77.0051182462159 0
v 4.295652191487974 78.18530650456742 0
v 1.7043746498572 79.73845849178889 0
v 4.4566021446351405 77.78924798951672 0
v 4.4536553395185265 77.78998612577267 0
v 4.41795135481982 77.79892950836656 0
v 4.415659614849357 77.79950355934531 0
v 4.3891026403875015 77.80615573515013 0
v 2.2460773281813173 78.34295563121766 0
v 1.7030014895114476 78.47898904719942 0
v 1.4493459692014916 78.5425264474176 0
v 0 78.9055687135084 0
v 11.07296759015544 75.63114121050265 0
v 12.622807079185081 75.40124423937154 0
v 11.054432944574089 75.63389056545864 0
v 14.070168347464431 75.18654847631659 0
v 15.975451610080585 74.90392640201617 0
v 6.597048755611515 76.80590248877697 0
v 7.489473324235228 76.27100378729288 0
v 7.729587701750161 76.12708476796504 0
v 6.65299325662809 76.28678246816051 0
v 4.769528644800381 76.56616805134946 0
v 6.872920314583881 76.25415937083223 0
v 4.756741756410133 76.56806480706638 0
v 4.72509088518519 76.57275977030598 0
v 7.541239332795092 76.15502360927522 0
v 4.715428246391969 76.5741930873736 0
v 4.691887572885948 76.57768501642543 0
v 2.8237466727859406 76.85479754170252 0
v 1.701412194842406 77.02128013483659 0
v 1.1426208475237396 77.10416900116896 0
v 0 77.27366079296829 0
v 11.133545716241464 75.18994671873877 0
v 12.695799156462607 75.11319812867917 0
v 11.120188455392013 75.19060291888584 0
v 14.024421889398035 75.04792707927793 0
v 15.49008570164789 74.97592363336098 0
v 9.128792059435007 75.28843395046152 0
v 6.747978489749929 75.40539582102858 0
v 5.045110007211431 75.48905238514743 0
v 7.311135145702542 75.3777297085949 0
v 5.0241252179505596 75.49008330173689 0
v 4.995940390460697 75.49146793352276 0
v 7.901109156082663 75.34874614401906 0
v 4.980123699209849 75.4922449577377 0
v 4.9591655306472955 75.4932745665361 0
v 3.321019797970364 75.57375150584585 0
v 1.6999208278726028 75.6533909914113 0
v 0.8422323480028008 75.69552652451088 0
v 0 75.7369027465422 0
v 11.185357424434303 74.81259862726601 0
v 12.752463494259302 74.88958561173109 0
v 11.176325910452352 74.81215493743544 0
v 13.992267756815298 74.95049328948122 0
v 15.000000000000032 75 0
v 10.018328737004955 74.75526618426204 0
v 6.834895678148452 74.59887414662849 0
v 5.2922529305361605 74.52308896811861 0
v 7.679808962686879 74.64038207462623 0
v 5.264319705148212 74.52171669675141 0
v 5.239160035617885 74.52048068144613 0
v 8.205744600485701 74.66621963569277 0
v 5.218115917612962 74.51944685022237 0
v 5.199414271945433 74.51852809728523 0
v 3.7581190845282118 74.44772180513954 0
v 1.6984960078231288 74.34653901166855 0
v 0.5424542189367705 74.28974632037873 0
v 0 74.26309725345821 0
v 11.229740223334005 74.48935577264542 0
v 12.795045216257629 74.72154683456948 0
v 11.224327737326778 74.48855290618852 0
v 13.97444766539908 74.89649466156804 0
v 14.50991429835215 74.97592363336098 0
v 10.614287851940801 74.398062037352 0
v 6.915662514745321 73.84942279542472 0
v 5.517667860843189 73.64204987786479 0
v 7.995219990176397 74.0095600196472 0
v 5.483760584477787 73.63702020854039 0
v 5.461290275892781 73.63368705312615 0
v 8.467562136059723 74.07962535831278 0
v 5.4357416269617485 73.62989726905668 0
v 5.419048155103797 73.62742102642319 0
v 4.149634983560534 73.43912137002813 0
v 1.6971100412811944 73.07532366075266 0
v 0.23730568761446236 72.8587821403387 0
v 0 72.82358116681795 0
v 11.267636336001688 74.21335588211561 0
v 12.824971915192975 74.60344813734496 0
v 11.265238455848197 74.21275524440505 0
v 13.97260653347051 74.89091564428762 0
v 14.024548389919055 74.9039264020161 0
v 11.024190465130749 74.15237586595 0
v 6.991864374558868 73.1423307610226 0
v 5.7266085588613524 72.82540067788418 0
v 8.268894875377837 73.46221024924432 0
v 5.687504939323642 72.8156057310937 0
v 5.667466279446873 72.81058630809486 0
v 8.695447085154104 73.56905601563406 0
v 5.6379899961180815 72.8032028834861 0
v 5.6231141302416034 72.79947667306247 0
v 4.506502520585204 72.51978002524534 0
v 1.6957367344376475 71.81571984766354 0
v 0.116573231241938 71.42015998210302 0
v 0 71.74596033770847 0
v 0 71.39095990776954 0
v 12.843014451478055 74.53224750026509 0
v 11.307223168084494 73.98273259232188 0
v 11.298591674144559 73.98790611069269 0
v 13.548576613727828 74.7847016786611 0
v 11.299755445927262 73.98006059860883 0
v 7.064880673093439 72.46479817583833 0
v 5.923368883957657 72.05635872673757 0
v 8.509206830753358 72.98158633849329 0
v 5.8797044575988044 72.04073534516844 0
v 5.861899672682926 72.03436469125877 0
v 8.895899980741177 73.11994735995205 0
v 5.82896682986305 72.02258113167866 0
v 5.815762437073286 72.017856524392 0
v 4.837246071552468 71.66773777040875 0
v 1.6943493361984987 70.54319133699835 0
v 0.5738140820597804 70.14225741213289 0
v 0 69.93694345060105 0
v 12.849361508290265 74.50720032943106 0
v 11.498309064986888 73.86820011336667 0
v 13.086582838174682 74.61939766255648 0
v 11.32827741076682 73.78778113013404 0
v 7.135988349162854 71.80497607364087 0
v 6.11164037544964 71.32049556381888 0
v 8.722362431915183 72.55527513616964 0
v 6.063948326798713 71.29793890471689 0
v 6.048227231270508 71.29050338029363 0
v 9.073753938608178 72.7214709413828 0
v 6.012232451776567 71.27347911747701 0
v 6.000588753250615 71.26797205821315 0
v 5.14880810761977 70.86510981604377 0
v 1.6929182539592575 69.23059564590214 0
v 1.0147739083508254 68.90985725745948 0
v 0 68.42990494331598 0
v 12.64301631586988 74.4096063217417 0
v 11.619021846452966 73.79584765655531 0
v 11.350917765725107 73.63515225474104 0
v 7.206459585692776 71.15105961902022 0
v 6.294795641096309 70.6046292793596 0
v 8.913030553571119 72.17393889285776 0
v 6.243537926662931 70.57390658765497 0
v 6.229789516333676 70.56566610762883 0
v 9.232635104981757 72.36550248887306 0
v 6.191073930803391 70.54246087868799 0
v 6.180909330125105 70.53636845150133 0
v 5.4471401720016095 70.09656414347488 0
v 1.6914080890764107 67.84546496388029 0
v 1.4478525931909023 67.69948341757504 0
v 0.9224486860318807 67.38456843475755 0
v 0 67.82085417081787 0
v 0 66.83167396984483 0
v 12.222148834901985 74.15734806151272 0
v 11.68300939091414 73.75749499836233 0
v 11.367482176560127 73.523484067473 0
v 7.277671153190337 70.49027348784153 0
v 6.476145051969115 69.89582121701955 0
v 9.084752005458173 71.83049598908366 0
v 6.42173927374937 69.8554711418825 0
v 6.409886102924491 69.84668023126518 0
v 9.3752614483667 72.04595247611394 0
v 6.368757176922451 69.81617694082819 0
v 6.360015148333924 69.80969341054998 0
v 5.7376661860529925 69.34812796270252 0
v 2.2460357773760524 66.75855836272733 0
v 1.6905095306151445 67.02130270952834 0
v 1.8813076897816294 66.48805757732218 0
v 1.6689919230446015 66.3305934729395 0
v 1.5357872599294753 66.23180216177418 0
v 0 65.09278470148989 0
v 11.828033579181676 73.8650522668136 0
v 11.69887218674869 73.7479872044354 0
v 11.377400226827397 73.45662200364168 0
v 7.351248896783007 69.80753114361322 0
v 6.659210891454452 69.18030445663003 0
v 9.240208041561822 71.51958391687636 0
v 6.602057025533894 69.12850321205443 0
v 6.5920515955724035 69.11943481893401 0
v 9.50363348027772 71.75833881750414 0
v 6.548802868656502 69.0802364577301 0
v 6.541449339004522 69.07357160694772 0
v 6.0256966658716795 68.60612063173971 0
v 3.390173391025513 66.21742157269878 0
v 2.323923568928886 65.25102906497432 0
v 1.6153536161407154 64.60881869421273 0
v 1.1318411854573291 64.17058857147727 0
v 0 63.144747517258715 0
v 11.464466094067252 73.53553390593272 0
v 11.379586454317804 73.4418836550677 0
v 7.429287037733447 69.08339989562764 0
v 6.8480737639511196 68.4421298683694 0
v 9.381392059202717 71.23721588159457 0
v 6.7885857897087165 68.3764950031921 0
v 6.780408333365442 68.36747257048332 0
v 9.619145873217727 71.4995367914423 0
v 6.735342842279509 68.31775046329706 0
v 6.729364612634259 68.31115450332763 0
v 6.316864572683302 67.85603084425847 0
v 4.399183182651583 65.7401954827302 0
v 2.785817819033962 63.96012111524073 0
v 1.552762274121604 62.59965397079452 0
v 0.6229230263644469 61.57373445613056 0
v 0 60.886444808568044 0
v 7.514719647696894 68.29065391631498 0
v 7.047877981717623 67.66119079742984 0
v 9.509707904842596 70.98058419031481 0
v 6.986528463343731 67.57847054773507 0
v 6.980185380663168 67.56991789080999 0
v 9.722632042706723 71.2676791556383 0
v 11.134947733186323 73.17196642081822 0
v 6.933648835020585 67.5071706227381 0
v 6.929052484150808 67.5009731610186 0
v 6.617667695121513 67.0811193759786 0
v 5.305320734144031 65.31162433876186 0
v 3.2795604776215916 62.580202826696606 0
v 0.06893244352808892 58.25117205845688 0
v 0.0684215125217552 58.25048314774428 0
v 0 58.39514828140633 0
v 1.4764154863413927 60.148943252569936 0
v 0 58.158227417784026 0
v 7.612012456597508 67.38785481998634 0
v 7.2656572119027985 66.80999600488799 0
v 9.62600271577472 70.74799456845057 0
v 7.20305025983461 66.70554261579343 0
v 7.198571742853991 66.69807066162078 0
v 9.814338440606424 71.06221374214277 0
v 10.842651938487245 72.77785116509797 0
v 7.151007165443221 66.61871395845472 0
v 7.14781731993051 66.61339202273538 0
v 6.936248336715977 66.26041049921415 0
v 6.132948438436683 64.92018558707964 0
v 3.8219069891818624 61.064445869072294 0
v 0.986721759009912 56.33422508337126 0
v 0.9800269290319032 56.32305543435443 0
v 1.3779079882292447 56.986879877436 0
v 0.6892797953077975 55.83797314742343 0
v 0 56.08460140177107 0
v 0 54.68797928450713 0
v 7.728581284307977 66.30618975649124 0
v 7.511816171342175 65.8478784318111 0
v 9.730526430823026 70.53894713835395 0
v 7.448822381616706 65.71468925380782 0
v 7.446255440534721 65.70926191288767 0
v 9.89380514910198 70.88417098292302 0
v 10.590393678258225 72.35698368412999 0
v 7.398304956195215 65.60787913179337 0
v 7.396559009205556 65.60418763703804 0
v 7.2836485059110325 65.36545843552035 0
v 6.90119638639841 64.55683136854296 0
v 4.436725045413008 59.3461445127597 0
v 1.334919445837059 55.606959586556556 0
v 1.315414173696035 55.61393868452441 0
v 2.475245477426078 55.198944408290124 0
v 2.0006322161845134 54.19545897885802 0
v 2.0056417685914285 54.20605078751328 0
v 1.9934686629887177 54.18031291817666 0
v 1.6761145740316092 53.509324072635174 0
v 0.095918746611235 50.168280705415235 0
v 0 49.96547755494706 0
v 7.878049026069365 64.91924920335843 0
v 7.803041615838428 64.70961753521358 0
v 9.822786638766486 70.35442672246703 0
v 7.741076899122153 64.53643775349119 0
v 7.740462628150214 64.53472098113302 0
v 9.959593079961756 70.73677511167854 0
v 10.380602337443573 71.91341716182546 0
v 7.693179478766306 64.40257343131131 0
v 7.692910097255165 64.4018205604233 0
v 7.676027068653507 64.35463565644906 0
v 7.625756845096231 64.21413979357523 0
v 5.160342663850675 57.32376875035095 0
v 4.1816110210235236 54.588397054137 0
v 3.160830842201289 51.73550757245949 0
v 3.172656368737889 51.7685577050654 0
v 3.1560693906360946 51.72220020680948 0
v 1.5375650568721226 47.19878362247471 0
v 1.5321652483936006 47.18369216876993 0
v 0 49.73995545201246 0
v 2.362509294857266 49.50434831538803 0
v 0.7537462214778903 45.00815672999627 0
v 0 45.19696032976996 0
v 0.17100138903628626 43.37949402918565 0
v 0.17063502854832427 43.37847012021455 0
v 0 43.60854482238532 0
v 0.27729223476108045 43.67655704241612 0
v 0 42.90157716299341 0
v 7.971668493068669 64.05053576851375 0
v 8.373744541145847 64.0995285858937 0
v 9.90122126132533 70.19755747734933 0
v 8.320183393132835 63.88570049691012 0
v 7.846971692045257 64.10951296306415 0
v 10.00871859340739 70.62671088317916 0
v 10.215298321338956 71.45142338627231 0
v 7.754133625324993 64.15342209848468 0
v 8.168635323233971 63.28068668787543 0
v 8.162890367979818 63.25775154087311 0
v 8.11160859473897 63.05302322606708 0
v 8.105702709092666 63.02944560892568 0
v 8.06813210419267 62.879455346473286 0
v 7.091991685589015 58.9824843510245 0
v 6.052169238767689 54.83128044792642 0
v 5.842474149324283 53.994130724510654 0
v 4.542767087839851 48.80540928171859 0
v 4.55945171605333 48.872018051295804 0
v 4.54028859690275 48.79551459125164 0
v 3.2398179139598486 44.38542818892881 0
v 3.204003024168764 44.39439935180216 0
v 3.42405946031794 44.33927808404063 0
v 3.377720033656984 44.15428072279849 0
v 3.3782927969570986 44.15656732206767 0
v 3.3689381925563984 44.11922164789145 0
v 2.426786886989629 40.35794279789776 0
v 2.422753363751012 40.34184007049216 0
v 3.3462501828455316 44.02864603591732 0
v 1.6333922835397523 37.19053399209034 0
v 1.6321440227266522 37.18555065558393 0
v 0 38.98634408057246 0
v 1.7676472579412126 37.72650989398529 0
v 1.0988094381484048 35.05635964232352 0
v 1.0173873816293626 34.73130457176473 0
v 0.597541124948486 34.79358288086377 0
v 0 35.335162587833345 0
v 0 34.88221973372777 0
v 0.9524198308611622 34.471939570414634 0
v 0.9438644395678831 34.437784533814146 0
v 0.35333312705817127 32.080251382951914 0
v 0 32.34230108965061 0
v 0 30.66966646951643 0
v 9.089055791540494 64.1866889965374 0
v 9.962503253846863 70.07499349230626 0
v 8.996929422282092 63.5656234628982 0
v 10.035456620497852 70.56680514139869 0
v 10.096073597983839 70.9754516100806 0
v 8.666192269695877 61.33597469003577 0
v 8.651050295407815 61.23389579104878 0
v 8.619891860361472 61.02384268415665 0
v 8.606986942966564 60.93684479774306 0
v 8.584423827854478 60.78473663109704 0
v 7.489705048738709 53.40474208437411 0
v 6.426472557139295 53.78517275295587 0
v 7.217994370529959 51.5730174791868 0
v 6.265601900581634 45.15250897175458 0
v 6.283262695061771 45.27156837718423 0
v 6.265052781800105 45.14880711362398 0
v 6.794239317251268 48.71629295595443 0
v 6.0474935709625655 43.68214204840306 0
v 5.571960628385698 40.476359348814185 0
v 5.578474530387269 40.52027250913132 0
v 5.568077256329495 40.45017978092477 0
v 5.035972837456204 36.8630231663795 0
v 5.0304471522472625 36.825772022536114 0
v 5.33888374780153 38.905082651553435 0
v 4.315134891651734 34.242129938213445 0
v 4.297539458443287 34.244739974174585 0
v 4.839316743573892 35.53727546923707 0
v 4.640050745058996 34.193933224231415 0
v 4.600429086410733 33.92682569823055 0
v 4.600638445966437 33.92823708571096 0
v 4.5983547229497 33.91284147568647 0
v 4.5923493808087645 33.87235674746512 0
v 4.239377654261605 31.492814652490296 0
v 4.182650183011049 31.110389104975127 0
v 3.9327334278235666 29.425587194562972 0
v 3.7116683660704997 27.93528760225455 0
v 3.664399316481893 27.616625554203765 0
v 0 29.812981980302826 0
v 3.482382622138017 26.389568672293557 0
v 3.424475689646254 25.999191842956762 0
v 0 27.618848220055565 0
v 3.293770956338622 25.118052104200903 0
v 3.239699027508547 24.75352876952397 0
v 2.4570198449083707 24.791979332145257 0
v 0 25.67111509003679 0
v 0 24.912684976946668 0
v 3.2056677917717886 24.524108813507155 0
v 3.0023596670567554 23.15351676710659 0
v 0 23.905568713508632 0
v 2.8100150136779027 21.856834440917023 0
v 0 22.27366079296851 0
v 2.6247614686520513 20.607956484190844 0
v 0 20.736902746541997 0
v 2.4430738089182884 19.38311777344445 0
v 0 19.263097253458003 0
v 2.2614994570222113 18.15904292209298 0
v 0 17.82358116681816 0
v 2.0763795545978225 16.911065910603906 0
v 0 16.390959907769307 0
v 1.9037604042371132 15.747362124184002 0
v 1.8835145611742936 15.610875736768513 0
v 0.4871456594989017 15.111246954683383 0
v 0 15.087315023053332 0
v 1.8191080147136 15.176682069206601 0
v 0 14.93694345060114 0
v 1.6777017994066439 14.223398798884896 0
v 0 13.429904943316076 0
v 1.521971334598014 13.173549282304366 0
v 1.452020907783257 12.701981809194223 0
v 0 11.831673969845047 0
v 1.2276528632658463 11.18941531578407 0
v 1.1966283057902691 10.980264738163406 0
v 0 10.092784701489466 0
v 0.9130497288435766 9.068533258481976 0
v 0.8965554754560553 8.957338034307147 0
v 0 8.144747517258942 0
v 0.5351063200695778 6.520645756291776 0
v 0.5273374031770159 6.4682719728189415 0
v 0 5.886444808568292 0
v 0.4138986315173572 5.703529892746623 0
v 0.3491171871486886 5.266808868781202 0
v 0 5.215022226058892 0
v 0.04542379417070857 3.219474314181167 0
v 0 3.158227417783618 0
v 0 2.9132519677059694 0
v 9.71817631475453 64.2633470990312 0
v 10 69.99999999999999 0
v 9.668299877056333 63.24808888621585 0
v 10.024076366639015 70.4900857016478 0
v 9.42807254853514 58.358149277865444 0
v 9.413963136219852 58.07094559227403 0
v 9.405041832842002 57.88934829019352 0
v 9.393465478757964 57.65370618942049 0
v 9.387261964072463 57.52743074707865 0
v 9.155447064358018 52.80873006095153 0
v 8.868170625265899 46.961083805590256 0
v 7.1800695655601 43.39844653033067 0
v 7.081198248702402 43.42321250594047 0
v 8.674756407947006 43.02404696674323 0
v 8.548426531624358 40.452543259188886 0
v 8.552341813297224 40.53224064852366 0
v 8.542573147344385 40.333394884981324 0
v 8.323057530575028 35.865051854653494 0
v 8.328472804583466 35.975282289412746 0
v 8.322545405489775 35.8546273090607 0
v 8.453093196551404 38.511988643529314 0
v 7.326080638606934 33.795498327414464 0
v 7.271889543363688 33.80353681704316 0
v 8.214909739025396 33.66365298505107 0
v 8.165410201024205 32.65606674181602 0
v 8.166109763541717 32.67030666399289 0
v 8.16276997052817 32.60232361543148 0
v 8.041032749421596 30.124305552440653 0
v 8.042031988704482 30.144645535313025 0
v 8.040572614592827 30.114939292830535 0
v 8.154231742315817 32.42852398748015 0
v 8.012904936289782 29.55175076287434 0
v 7.943340701345749 28.135738230614038 0
v 7.9017686444768565 27.289519572915175 0
v 7.8634899796658395 26.510339450626766 0
v 7.831113602409934 25.851303151579792 0
v 7.7961760953549675 25.140133857824633 0
v 7.7829770305065695 24.871460720622988 0
v 7.766258791512149 24.531153148025254 0
v 6.384901105643135 24.59901489953684 0
v 7.738149533669658 23.95897606005 0
v 7.6871380335613875 22.920613121094068 0
v 7.641492380879043 21.99147451569718 0
v 7.5999721801689155 21.146311414359204 0
v 7.561609675080522 20.365424684018972 0
v 7.525618485130144 19.63280718219931 0
v 7.491328315798619 18.93481475051611 0
v 7.458133815577295 18.25912517593329 0
v 7.4288455054913785 17.662947928188846 0
v 7.425449055781988 17.593811606089453 0
v 7.392659883354297 16.92637266828746 0
v 3.910480817284787 15.279424626690464 0
v 7.359064730539159 16.242527622802417 0
v 5.916657077195893 15.377981746422186 0
v 7.3237891622456175 15.524476934450188 0
v 7.21207136562625 15.441621369559126 0
v 7.319979159136914 15.446922539519878 0
v 7.285646879915867 14.748072941343827 0
v 7.273817339419393 14.507277112749385 0
v 7.242890301267199 13.87774278890563 0
v 7.2170653099752435 13.352063014746664 0
v 7.1927192005877565 12.856486573315244 0
v 1.7139843527698029 5.469267787652271 0
v 7.236932990888679 13.756478950363693 0
v 7.13467504926396 11.674970730223844 0
v 3.496996564378973 5.733752664854245 0
v 7.135914628734111 11.700202949997104 0
v 7.130206437090352 11.584010039795341 0
v 3.636061234781661 5.754380960070122 0
v 7.178101629779388 12.558939083969534 0
v 7.118679705621724 11.349378030563766 0
v 7.045618678024292 9.862186648655914 0
v 5.2134362818895585 5.988362445401215 0
v 6.123332851631662 6.123332851631662 0
v 6.74077152917665 6.74077152917665 0
v 6.542073280789601 6.185447126713035 0
v 7.038656195564952 9.72046206236528 0
v 6.916385205053899 7.231578873542392 0
v 6.876988661521323 6.429643807128635 0
v 6.716010458100983 6.2112482696791504 0
v 6.900100727995769 6.900100727995769 0
v 6.8673625215939476 6.233699227483346 0
v 0.2199808870903901 0.054995221772597525 0
v 0.1870180196971736 0 0
v 0 0 0
v 0.4668179029629087 0.4668179029629087 0
v 2.7004570452466794 0.6751142613116698 0
v 2.3811517799443713 0 0
v 4.518012593885674 4.518012593885674 0
v 4.7541504694533465 1.1885376173633366 0
v 4.328884909963214 0 0
v 6.501570973922906 1.6253927434807265 0
v 6.0944312864914085 0 0
v 6.674981059945202 2.3176846132445483 0
v 6.632438833750439 1.4517177052421448 0
v 6.642704300191962 1.6606760750479905 0
v 6.561120516137333 0 0
v 10.278469719378878 64.33161864264395 0
v 10.347481081256802 62.92686010018157 0
v 10.843757940615399 52.82491255647721 0
v 10.827532194867892 52.21044843473016 0
v 10.87477505598598 52.193544668730844 0
v 10.685202899272186 52.26137467100497 0
v 10.8852681042737 51.9799537640227 0
v 10.886283866382374 51.9592774513049 0
v 10.917804852090308 51.31765304721938 0
v 11.358265880850084 42.351862836231156 0
v 10.434591308865189 42.58323127197366 0
v 11.492095118734763 39.6277061171928 0
v 11.79493755856327 33.46320663779144 0
v 11.778713375910064 33.793457462530625 0
v 11.795286140971474 33.45611107986655 0
v 11.696752725025519 35.46180483813392 0
v 9.876260747830024 33.417214842512216 0
v 9.774419604332081 33.43232154910502 0
v 11.811298149502042 33.13017915861157 0
v 11.971881810197708 29.861423652218956 0
v 11.96694636370766 29.96188697346199 0
v 11.976984071266166 29.757564742225746 0
v 12.096781352544033 27.319035061612627 0
v 12.092244910507485 27.411376460620147 0
v 12.097892080765208 27.296425669266352 0
v 12.011658404261524 29.051752479520697 0
v 12.183902255325481 25.54564834558514 0
v 12.181550971629532 25.593509824735193 0
v 12.18401491007372 25.543355205504557 0
v 12.151813758183792 26.198824710287283 0
v 12.24454932699507 24.31114884166456 0
v 12.158458422928389 24.315378216575162 0
v 10.728320417374167 24.38563639152363 0
v 8.905581564864889 24.47518180929982 0
v 12.248343785075354 24.233910873057 0
v 12.298084263362666 23.22142017762817 0
v 12.337546839509105 22.41814098648072 0
v 12.369460218183715 21.768529240065746 0
v 12.395627166509378 21.235888770578033 0
v 12.417276678783482 20.795202824385704 0
v 12.435263943706715 20.4290636355788 0
v 12.4501886529883 20.125264198985125 0
v 12.462466691558497 19.875338982371176 0
v 12.47237341499067 19.673682994277797 0
v 12.48006809289366 19.51705422733881 0
v 12.485034332339731 19.415964101076366 0
v 12.485604205355862 19.404364069346126 0
v 12.48892697731701 19.33672749226582 0
v 12.489856536385055 19.31780588275068 0
v 12.222148834901962 19.157348061512707 0
v 11.82803357918178 18.865052266813688 0
v 8.098930169867211 15.4851899488018 0
v 11.464466094067264 18.535533905932738 0
v 8.727796368533244 15.516084164068761 0
v 11.13494773318631 18.171966420818222 0
v 9.181751024065788 15.538385526233258 0
v 9.485923032253108 15.553328538783553 0
v 10.84265193848728 17.77785116509802 0
v 9.510034357873295 15.55451305225504 0
v 10.590393678258216 17.356983684129975 0
v 9.743308753244714 15.565973088431516 0
v 10.380602337443571 16.913417161825464 0
v 9.90125550598965 15.57373251482519 0
v 10.215298321338953 16.4514233862723 0
v 9.996621745117572 15.578417557727906 0
v 10.096073597983846 15.975451610080642 0
v 10.037476882558538 15.580424641927278 0
v 8.131187801678504 8.131187801678504 0
v 7.686321069388793 6.355180252423462 0
v 8.101156774173075 6.416715316358804 0
v 9.072050825183059 9.072050825183059 0
v 8.691150986350639 6.504232690464072 0
v 9.185596616490633 6.577576771294906 0
v 9.741675060666319 9.741675060666319 0
v 9.589173859630206 6.637441800204016 0
v 10.024076366639019 15.490085701647834 0
v 10.11093975806705 6.714838460012478 0
v 10.234132077452127 10.234132077452127 0
v 10.404881848043363 6.758440650208198 0
v 10 14.999999999999975 0
v 10.93545410523985 6.837143609939888 0
v 10.60353325622416 10.60353325622416 0
v 11.157342057828302 6.870057578509957 0
v 10.024076366639013 14.509914298352204 0
v 11.691404863531357 6.949278312201418 0
v 10.882992406533088 10.882992406533088 0
v 11.861997898149955 6.974583398458732 0
v 10.096073597983848 14.024548389919353 0
v 12.400346932308585 7.054439934080966 0
v 11.0936758572618 11.0936758572618 0
v 12.531952550908851 7.073961783481631 0
v 10.215298321338956 13.548576613727686 0
v 13.078821214416607 7.155082086736828 0
v 11.249484935345512 11.249484935345512 0
v 13.087310973847153 7.15634142358592 0
v 13.075941795748413 7.387766360297536 0
v 10.38060233744356 13.086582838174564 0
v 13.021596879403635 8.493982545536287 0
v 13.026217786732701 8.399921816001445 0
v 11.359627394606498 11.359627394606498 0
v 13.016630007187647 8.595085552126314 0
v 10.590393678258224 12.64301631587001 0
v 12.982025006794338 9.299486517294948 0
v 12.98612254453706 9.21607922043081 0
v 11.430085869476752 11.430085869476752 0
v 12.980023038329493 9.340237521567339 0
v 10.842651938487275 12.222148834901981 0
v 12.957208835874486 9.804631281030167 0
v 12.9593983880023 9.760061923579224 0
v 11.464466094067262 11.464466094067262 0
v 12.956541533355843 9.818214535844465 0
v 11.1349477331863 11.828033579181792 0
v 12.941429631070802 10.125824373559594 0
v 11.82803357918178 11.134947733186308 0
v 12.932080478440788 10.316130747240924 0
v 12.930301918812035 10.35233416018311 0
v 12.222148834901983 10.842651938487279 0
v 12.926967901200861 10.420199647728499 0
v 12.643016315870021 10.59039367825822 0
v 12.92516254837973 10.456948448630685 0
v 8.023897392953996 2.005974348238499 0
v 7.726339207031443 0 0
v 9.378278574109627 2.344569643527407 0
v 9.263097253458007 0 0
v 10.606635104210966 2.6516587760527415 0
v 10.736902746541995 0 0
v 11.741015067014825 2.935253766753706 0
v 12.176418833181893 0 0
v 13.424645372447157 0.28974199408887813 0
v 12.807040905843053 3.201760226460763 0
v 13.39736453521439 0.8450561931630408 0
v 13.438879483862667 0 0
v 13.317152763415272 2.477804317162855 0
v 13.275829562739235 3.3189573906848087 0
v 13.19022722736616 5.061432956994767 0
v 13.180388508117465 5.261704688132902 0
v 13.215312918319325 4.550801986947149 0
v 13.088296378606257 7.136283048914457 0
v 13.13502621291006 6.18507541962239 0
v 10.783083236090931 64.3931056125591 0
v 10.024076366639015 69.50991429835219 0
v 11.04985731091566 62.59466088412958 0
v 11.96940847213987 56.39555049639252 0
v 11.018446604480602 52.14213816668935 0
v 12.689008436552832 51.544401585364234 0
v 13.878263279804518 43.52709666167377 0
v 13.67155309102733 41.772414554904415 0
v 14.156567074338811 41.65092487657444 0
v 13.426764634076259 41.83373087137602 0
v 13.244056018685674 41.87949699704596 0
v 14.782843502147427 37.428912145869354 0
v 15.03485168078165 35.73001100383143 0
v 15.14983792972299 34.95483667931619 0
v 15.438644341233854 33.00786200173702 0
v 15.45069013301209 32.9266558697785 0
v 15.501702354511483 32.58275940644583 0
v 13.929364811959653 32.815993648563875 0
v 12.118061784387898 33.08467507188992 0
v 11.959863459050965 33.10814157670569 0
v 16.556056233127133 25.474882915293772 0
v 16.416754195574146 24.106181559878436 0
v 16.212732972901485 24.116204479834458 0
v 16.761596865340756 24.08924052584671 0
v 15.482229315733157 24.152091823256217 0
v 15.332362332947213 24.15945431600494 0
v 14.489089124125119 24.200881672249363 0
v 14.390097211275076 24.205744833080335 0
v 13.399541135622295 24.254407732597166 0
v 13.350044936317442 24.256839324944572 0
v 16.935758834603764 22.915135899226804 0
v 16.912756954063486 23.070201982124136 0
v 17.006567556313772 22.437782271930537 0
v 17.195916428327052 21.16129586323399 0
v 17.164760732796196 21.37133050181287 0
v 17.217795504920684 21.013799109703623 0
v 17.32562736204626 20.286855777104023 0
v 17.30441751465968 20.429840953786783 0
v 17.332898707640638 20.23783634685622 0
v 17.39743019525756 19.802800394436094 0
v 17.387471938804588 19.86993350635471 0
v 17.39948097531176 19.788975158306723 0
v 17.43783210794497 19.53043282296618 0
v 17.457984347104126 19.39457746181219 0
v 17.465393667936006 19.344627878067612 0
v 17.356983684129926 19.409606321741812 0
v 16.913417161825457 19.619397662556437 0
v 16.45142338627239 19.784701678661023 0
v 15.975451610080619 19.903926402016157 0
v 15.490085701647779 19.97592363336099 0
v 15.000000000000043 20 0
v 14.5099142983522 19.97592363336098 0
v 14.02454838991935 19.90392640201615 0
v 13.548576613727704 19.784701678661047 0
v 13.086582838174525 19.619397662556423 0
v 12.643016315870046 19.409606321741794 0
v 13.178967246090288 7.169937347243191 0
v 13.741132061687125 7.25332662032406 0
v 13.814340463294164 7.264186060872542 0
v 14.401144554570232 7.351230225243517 0
v 14.449816785369702 7.358450068664853 0
v 15.073885329391244 7.451021892433906 0
v 15.098703264226017 7.454703285306282 0
v 15.77746847782825 7.555388593572646 0
v 16.508331884021402 7.663801938685944 0
v 16.759474195500232 7.70105538147182 0
v 17.323899903931338 7.784780026323976 0
v 18.27628984059759 7.926053728100946 0
v 19.140170682326048 8.054198345874195 0
v 13.08658283817453 10.380602337443575 0
v 19.115044663548822 8.22358420559845 0
v 13.548576613727684 10.215298321338958 0
v 19.023011134795652 8.844023859390308 0
v 14.02454838991936 10.09607359798385 0
v 18.94556705542611 9.366109434541247 0
v 14.509914298352209 10.024076366639013 0
v 18.879811544608163 9.809397081114192 0
v 14.999999999999996 9.999999999999998 0
v 18.82367408954782 10.187845062564618 0
v 15.490085701647793 10.024076366639013 0
v 18.775672262673403 10.51144709381147 0
v 15.975451610080627 10.096073597983844 0
v 18.73476154415197 10.78724475559505 0
v 16.451423386272314 10.215298321338958 0
v 18.700244554072906 11.019939401391213 0
v 16.913417161825446 10.380602337443566 0
v 18.67172258923335 11.212218869866037 0
v 17.35698368412999 10.590393678258227 0
v 18.64908223427506 11.364847745259036 0
v 17.77785116509803 10.842651938487286 0
v 18.63251782344003 11.476515932527125 0
v 18.17196642081824 11.134947733186323 0
v 18.62259977317276 11.54337799635845 0
v 18.53553390593272 11.464466094067243 0
v 18.620413545682347 11.558116344932465 0
v 13.609040092230638 0 0
v 13.826276353462701 3.4565690883656752 0
v 15.06305654939886 0 0
v 14.817997356915974 3.7044993392289935 0
v 16.570095056683947 0 0
v 15.800684564124811 3.950171141031203 0
v 18.16832603015492 0 0
v 19.836227713661472 0.06828467316566122 0
v 16.79349003410797 4.198372508526992 0
v 19.853384628285962 0.07258225655621132 0
v 19.563620017382558 0 0
v 20.075256074123878 1.750364682070329 0
v 17.817942130752463 4.454485532688116 0
v 20.037378444661506 2.0057149183208383 0
v 20.259504226266564 0.5082645336147715 0
v 20.307267027976344 0.18627387913899274 0
v 19.807902498402058 3.5527160882164965 0
v 18.90025164439108 4.72506291109777 0
v 19.747972124103168 3.956733854191162 0
v 19.63578000056562 4.713071715281965 0
v 19.607763892681124 4.901940973170281 0
v 19.54395980346199 5.332073203911904 0
v 19.530567089514307 5.42235954756957 0
v 19.381129458542155 6.429786224346256 0
v 19.361276583041615 6.563623439643791 0
v 19.471050409836156 5.82358841094812 0
v 19.479874831814694 5.764098990174531 0
v 19.260693920289523 7.241696673396912 0
v 19.225794178486467 7.4769716217235 0
v 19.168477249622576 7.86337096968398 0
v 19.907215298510533 0 0
v 20.32993888203172 0.03343265408217963 0
v 20.334898147791026 0 0
v 11.24217727035445 64.4490460504152 0
v 10.096073597983848 69.02454838991935 0
v 11.79494867150619 62.242258915749325 0
v 12.57782469384287 59.11684263963352 0
v 14.650414788203438 50.842599170921005 0
v 16.729059118297428 42.54418583832098 0
v 16.401300536288762 41.08864841525089 0
v 15.222726806045271 48.55780152155539 0
v 17.140001080934816 40.90361356133083 0
v 15.11261118531423 48.99740772160246 0
v 16.170146750298848 41.14654942444022 0
v 14.85016207027739 50.045163320681944 0
v 14.711389061554021 50.599176226652716 0
v 19.319317619101476 32.203294245298444 0
v 19.162894551960466 32.03967284626955 0
v 19.114731895726358 33.02004623597637 0
v 19.367920642673123 32.009260098632566 0
v 18.273146732335434 36.37984254133366 0
v 17.797191865567765 32.24225570293938 0
v 17.484084473902367 32.288700797087635 0
v 16.043291995707303 32.50242217217851 0
v 15.7533631206024 32.54542905818308 0
v 15.536732060260086 32.57756324045044 0
v 21.134506248940422 24.95665502522637 0
v 19.560228596554648 23.95175256522731 0
v 21.154816522649135 24.87557186747157 0
v 21.408971163153225 23.8609296668956 0
v 19.101814635816673 23.974272999008704 0
v 18.71459152903211 23.993296050402975 0
v 18.214071213366516 24.01788503675725 0
v 17.885356659015617 24.034033747285882 0
v 17.639505003995378 24.04611166460763 0
v 17.057040272963558 24.07472632194504 0
v 22.368175957999995 20.031569471402044 0
v 19.765867922547876 19.765867922547876 0
v 21.900126730280203 21.900126730280203 0
v 22.475923633360942 19.60141663918014 0
v 19.947568082288228 16.067276203498114 0
v 19.890719779756555 16.06448342547999 0
v 19.39646674377585 19.39646674377585 0
v 19.881735648656917 16.06404206342115 0
v 19.117007593466905 19.117007593466905 0
v 18.906324142738203 18.906324142738203 0
v 19.784701678661037 16.451423386272328 0
v 18.75051506465449 18.75051506465449 0
v 19.61939766255643 16.913417161825457 0
v 18.640372605393498 18.640372605393498 0
v 19.409606321741784 17.356983684129972 0
v 18.569914130523248 18.569914130523248 0
v 19.157348061512717 17.777851165098024 0
v 18.535533905932738 18.535533905932738 0
v 18.865052266813674 18.171966420818244 0
v 18.17196642081827 18.865052266813656 0
v 17.77785116509805 19.1573480615127 0
v 20.332536252883784 8.231069070289596 0
v 19.975923633360992 15.490085701647725 0
v 19.903926402016147 15.975451610080663 0
v 19.457069336687947 8.101205820718539 0
v 20.318363853132333 8.519554894598611 0
v 20.286547394329546 9.167193791700493 0
v 20.25832493933369 9.741675060666314 0
v 20.233004667504396 10.257081034143406 0
v 20.21005571081312 10.724217779099934 0
v 20.18906328719586 11.151528378411035 0
v 20.1696979808541 11.545718244698751 0
v 20.151694214975873 11.912193318160861 0
v 20.134834849228003 12.255373591819426 0
v 20.118939949231 12.57892171411084 0
v 20.10385845370419 12.885912608043157 0
v 20.089461888854323 13.1789614177557 0
v 18.86505226681367 11.828033579181756 0
v 20.07563955067251 13.460321575117238 0
v 19.157348061512746 12.222148834902018 0
v 20.062294752819614 13.731961175773833 0
v 19.40960632174177 12.643016315870002 0
v 20.049341855499986 13.995623457813315 0
v 19.619397662556437 13.086582838174559 0
v 20.036703870247337 14.252875557468645 0
v 19.78470167866103 13.548576613727645 0
v 20.024310489946668 14.505148608943047 0
v 19.903926402016157 14.024548389919397 0
v 20.01209643094078 14.753771491607091 0
v 19.97592363336099 14.509914298352218 0
v 20.000000000000004 15.000000000000004 0
v 20.48530808336878 5.121327020842195 0
v 20.722640266099404 0.29031945890125854 0
v 20.672810705970605 1.3046234568703998 0
v 20.513434770334964 0.23791621021190856 0
v 20.579547590502116 3.203037784394694 0
v 20.074829155642323 5.018707288910581 0
v 20.506061394734918 4.698883663217443 0
v 20.446404745821745 5.9132226487847355 0
v 20.396791114329 6.923131318393314 0
v 20.35469435932352 7.780030452024452 0
v 20.736902746541997 0 0
v 11.663753713372872 64.50041498368856 0
v 10.21529832133896 68.54857661372766 0
v 12.609597488324676 61.85695872067264 0
v 14.693545985244047 56.03271284426998 0
v 14.874876543196514 50.76228547076819 0
v 13.530216916788744 59.283999783398336 0
v 16.14758767564233 51.96893855621118 0
v 16.829586691365638 50.06287899624173 0
v 13.483015279340922 59.41591952261999 0
v 14.73643943401306 50.81181906047627 0
v 13.443943766873097 59.525117084705556 0
v 12.967077067578602 60.85787022666922 0
v 19.339482779528026 43.04818935142154 0
v 18.747214854573503 40.501027468794476 0
v 18.507904881265258 45.37229388280713 0
v 20.398905775489354 40.08730043083868 0
v 17.806999574961992 47.331192985169864 0
v 21.639906532797024 36.61893566364481 0
v 13.533716554198747 61.419882953784615 0
v 13.16572830805176 61.593928432154165 0
v 13.02270630512301 62.50032334834194 0
v 13.134901881523659 61.60850824606855 0
v 12.993432443686425 62.56221772806909 0
v 12.054230035141725 64.54799437871868 0
v 10.38060233744354 68.0865828381746 0
v 19.32798149641724 49.168939040891786 0
v 18.303377307861737 49.53554828163977 0
v 18.204713859028537 51.543888920133554 0
v 14.584647648908645 59.197875843996414 0
v 17.429051222024473 53.18388977546638 0
v 20.2898208458812 47.135300599950114 0
v 21.219875417890577 45.16886542461036 0
v 12.790405488547638 63.97251835930876 0
v 14.13741873796393 61.72516252407213 0
v 14.524318417165487 60.95136316566902 0
v 12.78220449507953 63.98620089029595 0
v 14.508016703488629 61.106857172799856 0
v 14.631640272548008 60.90060370838979 0
v 12.41884891355092 64.59242305386262 0
v 10.590393678258273 67.64301631586991 0
v 18.0932112046901 53.8135775906198 0
v 20.652488587024585 48.69502282595083 0
v 18.371858561263362 54.6604264867881 0
v 18.023015928733866 55.24243525777398 0
v 20.38552028066066 51.30083487383168 0
v 20.966227713782494 50.331983053734774 0
v 17.51734598721231 56.08609458649602 0
v 12.687425494655155 64.62514901068968 0
v 14.364781531797101 62.47310683525135 0
v 16.016966602508948 60.245393151203466 0
v 12.694689210987525 64.72496565097579 0
v 12.667101292359542 64.7621636531436 0
v 10.842651938487233 67.22214883490203 0
v 12.519222311625542 64.9615553767489 0
v 12.564560962179792 64.90042328322838 0
v 18.9210939205391 56.32963075794711 0
v 17.9021079192348 57.70357433073389 0
v 20.022456025648786 54.84461586697758 0
v 20.795759838105642 53.80193637817532 0
v 16.695045873127157 59.33110909380392 0
v 17.84076383710358 59.42930565997348 0
v 17.914537514827096 59.34790894992102 0
v 17.81910964720609 59.393042969944176 0
v 17.815985089926304 59.45664479449529 0
v 14.270965561885737 63.36797110434305 0
v 16.21585752539029 61.22211350144531 0
v 16.5241489345975 60.00551377317117 0
v 12.720432201198266 65.07872103956433 0
v 12.600519024688424 65.21102484169305 0
v 16.582996302288105 60.81703828363981 0
v 11.134947733186262 66.82803357918185 0
v 12.140971052838927 65.71805789432214 0
v 12.256529210808967 65.59055911469325 0
v 19.381619502669807 57.729233415875484 0
v 19.7709304773309 57.29969494764987 0
v 20.67281070597061 56.30462345687029 0
v 18.327409950897604 60.244256358291864 0
v 19.776891930580817 58.93052246946173 0
v 19.644936502546116 58.52949118049193 0
v 17.75165621492466 60.766089126943115 0
v 20.040340924814796 58.69174621935682 0
v 20.579547590502106 58.2030377843949 0
v 14.206922244293944 63.97884872615022 0
v 15.907973450283 62.43710578124544 0
v 12.737321947466285 65.31081679476964 0
v 12.562167892055198 65.4695671770337 0
v 16.65160110069686 61.763120965488504 0
v 11.464466094067287 66.46446609406725 0
v 12.019122654736663 65.96175469052667 0
v 12.139581327551108 65.8525773134375 0
v 18.77041591320244 60.98612608273056 0
v 20.123155338242448 59.98286614918592 0
v 17.701915736637353 61.778579822371825 0
v 20.506061394734918 59.698883663217416 0
v 14.162384182432168 64.40367533309521 0
v 15.698290744657019 63.26456939219835 0
v 12.747661788513911 65.45290496936796 0
v 12.54201565289604 65.6054225381877 0
v 16.706268486170334 62.51700214957494 0
v 11.828033579181788 66.13494773318632 0
v 11.994112332449395 66.0117753351012 0
v 12.105347137937951 65.92927798084615 0
v 19.180109854026053 61.6722105981662 0
v 20.432101023543527 60.921795969983954 0
v 17.66245316049092 62.581859013519185 0
v 20.446404745821752 60.9132226487846 0
v 14.131503739302836 64.69822865057692 0
v 15.550522670220895 63.84770143492663 0
v 12.75287520667729 65.52454679314846 0
v 12.534606332064158 65.65537212193229 0
v 16.75060378692362 63.12840049502775 0
v 12.222148834901956 65.84265193848731 0
v 19.564898121296572 62.31658740140839 0
v 20.396791114329 61.92313131839324 0
v 17.630539781816307 63.2314707599342 0
v 14.110747902965008 64.89620833709922 0
v 15.444702820626345 64.26529464841838 0
v 12.753852182784826 65.53797221730214 0
v 12.643016315869982 65.59039367825824 0
v 16.787008353435052 63.63043141291583 0
v 19.93196398920715 62.93128579702567 0
v 20.354694359323506 62.780030452024654 0
v 17.604372833490636 63.76411122942207 0
v 14.097901184692894 65.01874684698899 0
v 15.369027213163902 64.56393068149028 0
v 13.086582838174657 65.3806023374435 0
v 16.81712805035964 64.04579191690134 0
v 20.287816814597985 63.527206529423786 0
v 20.318363853132336 63.51955489459847 0
v 17.582723321216537 64.20479717561425 0
v 14.091553994087983 65.07928956787985 0
v 15.316164601132742 64.77254057950319 0
v 13.548576613727699 65.21529832133895 0
v 16.842110709016676 64.39031097752354 0
v 20.286547394329546 64.16719379170044 0
v 17.564736056293306 64.57093636442116 0
v 14.090825073628592 65.08624238065508 0
v 15.28142465808699 64.90963361553169 0
v 14.024548389919206 65.09607359798387 0
v 16.862759512146503 64.67506474832594 0
v 20.258324939333683 64.7416750606664 0
v 17.549811347011715 64.87473580101494 0
v 14.509914298352157 65.02407636663902 0
v 15.261784381987898 64.9871393579941 0
v 16.879626053869618 64.90765989322882 0
v 20.233004667504396 65.25708103414334 0
v 17.537533308441525 65.1246610176288 0
v 15.000000000000197 65 0
v 15.255346645150652 65.01254437627544 0
v 16.89306594239743 65.09300036615582 0
v 20.210055710813112 65.72421777909997 0
v 17.527626585009344 65.32631700572223 0
v 16.903268884787646 65.23370228968267 0
v 15.49008570164761 65.024076366639 0
v 20.189063287195857 66.15152837841099 0
v 17.519931907106358 65.48294577266117 0
v 16.910268777608835 65.33023310861262 0
v 15.975451610080695 65.09607359798386 0
v 20.169697980854092 66.54571824469878 0
v 17.51439579464415 65.59563593065388 0
v 16.91393470999446 65.38078751913949 0
v 16.451423386272417 65.21529832133898 0
v 20.151694214975866 66.91219331816089 0
v 17.511073022683007 65.66327250773419 0
v 16.913939185381686 65.38084923619785 0
v 16.913417161825397 65.38060233744355 0
v 20.134834849227996 67.25537359181946 0
v 17.51014346361496 65.68219411724932 0
v 17.35698368413008 65.59039367825828 0
v 20.118939949230995 67.57892171411083 0
v 17.77785116509801 65.84265193848728 0
v 20.103858453704188 67.88591260804311 0
v 18.17196642081819 66.1349477331863 0
v 20.089461888854316 68.17896141775572 0
v 18.535533905932756 66.46446609406728 0
v 20.075639550672506 68.46032157511719 0
v 18.865052266813667 66.82803357918175 0
v 20.062294752819607 68.73196117577385 0
v 19.157348061512725 67.22214883490197 0
v 20.049341855499982 68.99562345781331 0
v 19.95621615102176 68.79872569877253 0
v 19.409606321741748 67.64301631586997 0
v 20.036703870247333 69.25287555746863 0
v 19.88868847201223 68.83920023195591 0
v 19.619397662556427 68.08658283817455 0
v 20.024310489946664 69.50514860894303 0
v 19.861570493109337 68.85545412299838 0
v 19.784701678661044 68.54857661372769 0
v 20.012096430940776 69.75377149160705 0
v 19.903926402016154 69.02454838991937 0
v 19.999999999999996 69.99999999999996 0
v 19.97592363336099 69.50991429835221 0
v 105.70075115296287 0.7358825926871928 20
v 105.73690274654177 0 20
v 120 0 20
v 104.4540284062103 26.113507101552575 20
v 120 30 20
v 104.3416390083421 28.401245851251304 20
v 104.26309725345821 30 20
v 104.975923633361 15.490085701647594 20
v 103.43777467902294 25.859443669755734 20
v 103.07984437786394 28.27241375947487 20
v 102.82358116681795 30 20
v 104.90392640201613 15.97545161008071 20
v 102.48761587411786 25.621903968529466 20
v 101.85502289386079 28.14735670975748 20
v 101.3909599077691 30 20
v 104.78470167866101 16.451423386272356 20
v 101.5842579202024 25.3960644800506 20
v 100.64406931425165 28.023715604511942 20
v 99.93694345060146 30 20
v 104.61939766255641 16.913417161825496 20
v 100.71069535539922 25.177673838849806 20
v 99.42355732039681 27.899098563506655 20
v 98.42990494331593 30 20
v 104.40960632174173 17.356983684130075 20
v 99.850900359577 24.96272508989425 20
v 98.1677579203716 27.770878598348354 20
v 96.83167396984483 30 20
v 104.15734806151274 17.77785116509799 20
v 98.9885694397343 24.747142359933576 20
v 96.84609562882372 27.635933882679673 20
v 95.09278470149 30 20
v 103.86505226681365 18.171966420818276 20
v 98.10570548100044 24.52642637025011 20
v 95.41943542812993 27.490268642497192 20
v 93.14474751725862 30 20
v 103.53553390593278 18.535533905932695 20
v 97.18073859235604 24.29518464808901 20
v 93.8340987704525 27.328402176397994 20
v 90.88644480856803 30 20
v 28.77943067160332 86.2905164392692 20
v 30 85.18425688388527 20
v 30 90 20
v 24.686646264558412 90 20
v 103.17196642081821 18.86505226681369 20
v 96.1856955369516 24.0464238842379 20
v 92.01139045803893 27.14229952631971 20
v 88.15822741778409 30 20
v 25.538787576161035 76.44174176578986 20
v 30 73.133081134614 20
v 19.324707111778494 83.74590252357713 20
v 19.462134955424723 80.94849450146445 20
v 19.24941561870495 85.27849607327254 20
v 19.017463004610665 90 20
v 102.77785116509804 19.157348061512703 20
v 95.08148637046625 23.770371592616563 20
v 89.8277430185264 26.91934417325402 20
v 84.68797928450712 30 20
v 22.518580540207182 67.26290358820684 20
v 30 62.77871333280801 20
v 19.771417073550907 74.6529123589594 20
v 20.062133614871136 68.73524121406713 20
v 102.35698368413 19.409606321741762 20
v 93.80934788586852 23.45233697146713 20
v 87.07354527992985 26.638134341433094 20
v 79.96547755494689 30 20
v 20.444180115205153 60.95850604527827 20
v 20.58536097971879 58.08470352840325 20
v 30 53.63191089407825 20
v 101.91341716182532 19.619397662556484 20
v 92.2738951526733 23.068473788168326 20
v 83.35770284882167 26.25873840682694 20
v 72.90157716299342 30 20
v 20.624773861542064 57.28243588844211 20
v 21.05369883369461 48.55146750424228 20
v 30 45.350429762335445 20
v 101.45142338627244 19.784701678661 20
v 90.30596983484551 22.576492458711378 20
v 77.85045666955345 25.696436089108232 20
v 60.66966646951704 30 20
v 21.215969494107018 45.24837232973226 20
v 25.60886295259009 38.78227409481982 20
v 21.08959359731995 47.8208128053601 20
v 21.482855386489305 39.81578518777875 20
v 21.07086109245174 48.202121701739905 20
v 30 37.682351524030665 20
v 100.97545161008057 19.90392640201616 20
v 87.56984260773064 21.89246065193266 20
v 68.41802896899705 24.733363841184538 20
v 32.91325196770431 30 20
v 21.57572469658846 37.92538695270045 20
v 29.766620669479373 30.46675866104125 20
v 21.884705889996706 31.635930273548887 20
v 30 30.432140107577442 20
v 100.49008570164776 19.97592363336099 20
v 83.28468339149951 20.82117084787488 20
v 47.378158003946055 22.585145326332757 20
v 23.746113239234074 23.746113239234074 20
v 30 30 20
v 22.180050473944835 25.624053156777357 20
v 22.268742188876626 23.818691824878744 20
v 100.00000000000003 20 20
v 75.10866935545283 18.777167338863208 20
v 22.61836807462984 16.701893426571615 20
v 22.454359287427554 20.04036898468116 20
v 22.643039441351107 16.199696220012697 20
v 22.341320774521293 22.341320774521293 20
v 99.50991429835219 19.97592363336098 20
v 51.29663978220248 12.82415994555062 20
v 22.66334711057942 15.786324116496823 20
v 23.01496537868757 8.628969843667319 20
v 23.391771646188918 0.958902064651117 20
v 36.68155391245318 4.287819226132029 20
v 23.194133316716037 4.9819226816929305 20
v 23.1625295699654 5.625231725503921 20
v 99.02454838991936 19.903926402016154 20
v 23.15450254189704 5.78862563547426 20
v 23.411634840064906 0.5545774647796611 20
v 52.904371559255225 3.4529439653176226 20
v 23.424705596787845 0.2885160994716478 20
v 23.438879483862667 0 20
v 43.25403966229154 0 20
v 98.54857661372768 19.78470167866104 20
v 62.82592936267864 2.942350593736996 20
v 56.60485171859401 0 20
v 98.08658283817456 19.619397662556445 20
v 69.58842609464259 2.59433205923982 20
v 65.26004454798698 0 20
v 97.64301631587003 19.40960632174179 20
v 74.54553401565711 2.3392242932187925 20
v 71.39145517761537 0 20
v 97.22214883490194 19.15734806151271 20
v 78.3770368014816 2.142043571763977 20
v 76.01365591942715 0 20
v 96.82803357918192 18.86505226681381 20
v 81.46236255926551 1.9832633769292634 20
v 79.66483741216629 0 20
v 96.4644660940672 18.53553390593268 20
v 84.03056519715516 1.8510959018448703 20
v 82.65769891035004 0 20
v 96.13494773318637 18.1719664208183 20
v 86.22871851798695 1.7379722838030154 20
v 85.18701801969688 0 20
v 95.84265193848726 17.77785116509799 20
v 88.15623531161134 1.6387764399713771 20
v 87.3811517799443 0 20
v 95.59039367825824 17.356983684130007 20
v 89.88344408049736 1.5498890529095553 20
v 89.3288849099636 0 20
v 95.38060233744358 16.91341716182548 20
v 91.46230547143865 1.4686360705824222 20
v 91.09443128649112 0 20
v 95.21529832133899 16.451423386272392 20
v 92.93296404817231 1.3929515323258082 20
v 92.72633920703174 0 20
v 95.09607359798385 15.975451610080597 20
v 94.3280016174431 1.3211586798233672 20
v 94.26309725345777 0 20
v 95.02407636663901 15.490085701647654 20
v 95.67540490948122 1.251817231293663 20
v 95.73690274654177 0 20
v 95 15.000000000000151 20
v 97.00084747601181 1.1836059481171621 20
v 97.17641883318205 0 20
v 95.02407636663901 14.509914298352205 20
v 98.3296921288666 1.1152195832890608 20
v 98.60904009223047 0 20
v 95.09607359798386 14.02454838991931 20
v 99.68905560092342 1.0452626277229145 20
v 100.06305654939895 0 20
v 95.21529832133898 13.548576613727581 20
v 101.11031642173988 0.972120247385653 20
v 101.57009505668404 0 20
v 95.38060233744352 13.086582838174655 20
v 102.63261605054485 0.8937781044049138 20
v 103.16832603015514 0 20
v 95.59039367825828 12.643016315869907 20
v 104.30830112350812 0.8075422825648775 20
v 104.90721529851008 0 20
v 95.84265193848732 12.222148834901914 20
v 105.67281070597038 1.30462345687085 20
v 96.13494773318634 11.828033579181719 20
v 96.46446609406708 11.464466094067438 20
v 105.57954759050192 3.203037784395045 20
v 96.82803357918188 11.134947733186234 20
v 105.50606139473476 4.698883663217391 20
v 97.22214883490194 10.842651938487297 20
v 105.4464047458216 5.913222648784908 20
v 97.64301631586997 10.590393678258248 20
v 105.39679111432888 6.923131318393363 20
v 98.08658283817458 10.380602337443555 20
v 105.3546943593234 7.7800304520245005 20
v 98.54857661372769 10.215298321338953 20
v 105.31836385313223 8.519554894598649 20
v 99.02454838991935 10.09607359798385 20
v 105.28654739432945 9.1671937917005 20
v 99.50991429835219 10.024076366639015 20
v 105.2583249393336 9.741675060666317 20
v 99.99999999999997 10 20
v 105.23300466750432 10.257081034143404 20
v 100.49008570164783 10.024076366639017 20
v 105.21005571081305 10.724217779099927 20
v 100.97545161008061 10.096073597983843 20
v 105.18906328719581 11.151528378411015 20
v 101.45142338627231 10.215298321338956 20
v 105.16969798085405 11.545718244698733 20
v 101.91341716182552 10.38060233744359 20
v 105.15169421497583 11.912193318160835 20
v 102.35698368412993 10.590393678258184 20
v 105.13483484922797 12.255373591819385 20
v 102.77785116509794 10.84265193848722 20
v 105.11893994923096 12.57892171411087 20
v 103.17196642081818 11.13494773318629 20
v 105.10385845370416 12.885912608043107 20
v 103.53553390593282 11.464466094067356 20
v 105.0894618888543 13.178961417755687 20
v 103.86505226681369 11.828033579181781 20
v 105.07563955067249 13.460321575117216 20
v 104.15734806151266 12.222148834901896 20
v 105.0622947528196 13.731961175773774 20
v 104.40960632174182 12.643016315870085 20
v 105.04934185549997 13.99562345781326 20
v 104.6193976625564 13.086582838174435 20
v 105.03670387024732 14.252875557468709 20
v 104.78470167866105 13.548576613727755 20
v 105.02431048994667 14.505148608942974 20
v 104.90392640201614 14.024548389919273 20
v 105.01209643094079 14.753771491607063 20
v 104.97592363336099 14.509914298352149 20
v 105 15.000000000000123 20
v 18.060095622869014 83.40554905134057 20
v 18.296308642275907 81.81313022346961 20
v 17.949687925926288 84.14985728547146 20
v 17.081901229126444 90 20
v 19.975923633360985 70.49008570164776 20
v 19.0842091486827 76.50153645932573 20
v 16.87054306847526 83.08539669953417 20
v 16.936638075017793 82.82153064242662 20
v 16.844338769007464 83.19001012710653 20
v 16.602635464785656 84.15494380683664 20
v 16.31548626729003 90 20
v 15.887798868326191 87.0087314687313 20
v 15.192847088228955 89.78313449380882 20
v 15.138525106812775 90 20
v 19.903926402016136 70.97545161008073 20
v 17.35357132941063 81.15703978799492 20
v 16.657989297327166 83.02819066061892 20
v 15.447072509841307 83.92626775754782 20
v 13.352699742456874 89.42766455025938 20
v 15.275637947371763 84.05341229445327 20
v 13.14791484402856 90 20
v 19.78470167866105 71.4514233862723 20
v 16.819611491882565 79.73829531186706 20
v 15.523757350758638 83.3599650167649 20
v 15.411115029201946 83.67477921577454 20
v 11.504624650962771 89.07066316667023 20
v 13.122255888593422 85.65046927467867 20
v 11.065081063859408 90 20
v 19.61939766255644 71.91341716182544 20
v 16.92405820425162 77.61223363970235 20
v 16.052559582025932 79.45486266124696 20
v 15.096712543660274 81.47583142486012 20
v 9.611057976396607 88.70487395937567 20
v 10.096974875787117 87.89417059045294 20
v 8.95257094478182 89.80349319980884 20
v 8.923421914517464 90 20
v 8.865418722365785 89.9488978984526 20
v 8.834789301435602 90 20
v 19.40960632174177 72.35698368413 20
v 16.983369992812378 76.4049144478737 20
v 16.314434687648564 77.52096557959578 20
v 14.874694685380462 79.92302665562671 20
v 9.12933925041407 88.61181808060316 20
v 8.162046463615452 89.32921130433738 20
v 7.257592608583094 90 20
v 19.157348061512728 72.77785116509801 20
v 17.019976961670533 75.65976247843258 20
v 16.46516690871168 76.40783723648087 20
v 14.710391090578678 78.77387853039413 20
v 10.232184297154271 84.81204140364265 20
v 9.5581758432864 85.72083660005397 20
v 7.977466204794721 87.85217682010395 20
v 7.387874773694609 88.64714883767168 20
v 8.649206454769105 86.94643994260697 20
v 6.796571741484483 89.44442868217843 20
v 6.384531970129041 90 20
v 18.865052266813684 73.17196642081822 20
v 17.043458466644182 75.18178546415551 20
v 16.55877632107199 75.71654980406815 20
v 14.584677654470948 77.8946320379846 20
v 11.13529343657326 81.70044104341314 20
v 9.962621555338725 82.994285081679 20
v 7.6844978628378815 85.50780724004383 20
v 5.970753131981358 87.39863317235317 20
v 9.3100156434142 83.7143247466462 20
v 5.515632028009417 87.90078192895433 20
v 3.6130116721633696 90 20
v 18.535533905932756 73.53553390593272 20
v 17.058570368929225 74.87417562644035 20
v 16.61888123406722 75.272686629071 20
v 14.48616989642538 77.20566351227768 20
v 11.709406049350108 79.72237556410903 20
v 10.252027875897094 81.04326614580845 20
v 7.444561400087782 83.58780543827432 20
v 4.586010958637931 86.17864453838078 20
v 9.766065718748862 81.48371657119016 20
v 4.3009628477299815 86.43699708673645 20
v 1.6530853406126824 88.83689336922166 20
v 1.3617422962906562 90 20
v 0.369794929900531 90 20
v 18.17196642081821 73.86505226681369 20
v 17.067919521559237 74.68386925275907 20
v 16.65738520300219 74.98834225438031 20
v 14.407697628169235 76.65682427319659 20
v 12.103062940838573 78.36605784801286 20
v 10.46943291048591 79.57764045243032 20
v 7.242501412307591 81.9708959608367 20
v 3.20707552712049 84.96377177302602 20
v 10.09970217632885 79.85185145339143 20
v 3.1274586235822976 85.02281969302761 20
v 2.490046616884322 85.49555665599551 20
v 0.5034419695779635 86.96892307789683 20
v 2.1120515469496457 85.7758969061007 20
v 0 90 20
v 0 87.34230108965062 20
v 17.777851165098053 74.15734806151269 20
v 17.073032098799164 74.5798003522715 20
v 16.680878591258704 74.81484811915371 20
v 14.34455305529397 76.21518775498308 20
v 12.38674433274615 77.38865314383955 20
v 10.638723416958578 78.4363765603562 20
v 3.7033646984926873 82.59327060301462 20
v 2.728799860189181 84.54240027962163 20
v 3.1311162783661466 82.9362631063744 20
v 7.068240904053699 80.57644142070613 20
v 10.35423535408311 78.60689214315163 20
v 0.9567794850565448 84.23951042634013 20
v 2.470706646321102 83.33209740660358 20
v 0 84.81298198030312 20
v 3.1235519121330726 82.94079701301243 20
v 17.356983684129958 74.4096063217418 20
v 17.074837451620294 74.5430515513693 20
v 16.693244021833966 74.72353180236979 20
v 14.29355440441286 75.8585004644821 20
v 12.5981171801403 76.66038255129799 20
v 10.774205821513728 77.52302837827645 20
v 4.833648669926816 80.33270266014637 20
v 3.6421109483179337 80.89625803161317 20
v 6.914776803966824 79.348402358629 20
v 10.554596585546221 77.6268958113495 20
v 1.3304783468624142 81.98957882690367 20
v 2.106182692984627 81.62269799468204 20
v 0 82.6188482200557 20
v 3.625544479171995 80.9040933879801 20
v 16.696852236785514 74.69688583177178 20
v 14.252517040809435 75.57148294970249 20
v 16.913417161825407 74.61939766255645 20
v 12.75906476840396 76.10584871727936 20
v 10.884955336451373 76.77641579440152 20
v 5.6807437652447454 78.6385124695105 20
v 4.062621481306577 79.21748588049012 20
v 6.7770443425059685 78.24624985068601 20
v 10.716127704358293 76.8368232870804 20
v 1.6473682597028854 80.08167730160326 20
v 1.7683350820897294 80.03839468046402 20
v 0.3680333114086922 80.53943066558055 20
v 0 80.76002134326549 20
v 4.039180542164652 79.22587318262808 20
v 0 80.67111509003692 20
v 16.451423386272438 74.78470167866101 20
v 14.219943006953708 75.34365841560309 20
v 12.883091771390491 75.6785222178273 20
v 10.976988865204545 76.15597614060961 20
v 5.315293561472771 77.57415698677072 20
v 6.341439608649442 77.31712078270111 20
v 4.325676721591668 78.16731049377864 20
v 6.651236627867864 77.23952066908076 20
v 10.848760726101812 76.18809561738442 20
v 1.7043746498571992 79.73845849178889 20
v 4.295652191487973 78.18530650456742 20
v 4.537124344396371 77.76907822847062 20
v 4.41795135481982 77.79892950836657 20
v 1.449345969201491 78.5425264474176 20
v 0 78.9055687135084 20
v 2.246077328181314 78.34295563121768 20
v 4.3891026403875 77.80615573515013 20
v 4.391460879689879 77.80556502695589 20
v 15.975451610080478 74.90392640201618 20
v 14.194835595393366 75.16805583698138 20
v 12.978899611264978 75.34842290197045 20
v 11.054432944574089 75.63389056545864 20
v 6.597048755611523 76.80590248877695 20
v 10.959179717332981 75.64802004698765 20
v 7.72958770175011 76.12708476796506 20
v 6.831084283920238 76.26036515975541 20
v 6.87292031458388 76.25415937083224 20
v 5.21056481902403 76.50074651490587 20
v 4.725090885185195 76.57275977030596 20
v 1.142620847523739 77.10416900116896 20
v 0 77.27366079296829 20
v 2.823746672785945 76.85479754170251 20
v 4.691887572885946 76.57768501642543 20
v 4.701618923447025 76.57624150692986 20
v 15.490085701648074 74.97592363336095 20
v 14.176590904694232 75.04045149492391 20
v 13.05225364106548 75.09568664276443 20
v 11.120188455392013 75.19060291888584 20
v 11.052014364394967 75.19395209721243 20
v 9.128792059435002 75.28843395046152 20
v 7.207551854016103 75.38281842940421 20
v 7.311135145702545 75.37772970859491 20
v 5.7665583099540125 75.45360990276214 20
v 4.995940390460698 75.49146793352277 20
v 0.8422323480028002 75.69552652451088 20
v 0 75.73690274654221 20
v 3.3210197979703615 75.57375150584585 20
v 4.959165530647294 75.4932745665361 20
v 4.975048095049062 75.49249430618079 20
v 15.000000000000028 74.99999999999999 20
v 14.164941682978517 74.95897621551094 20
v 13.107016871658953 74.90700370223789 20
v 11.176325910452352 74.81215493743544 20
v 11.130533120389169 74.80990528191748 20
v 10.018328737004971 74.75526618426204 20
v 7.5292305722790855 74.63298463266214 20
v 7.6798089626868835 74.64038207462623 20
v 6.236015168218802 74.56945303378733 20
v 5.2391600356178865 74.52048068144614 20
v 0.5424542189367701 74.28974632037873 20
v 0 74.26309725345821 20
v 3.7581190845282064 74.44772180513954 20
v 5.1994142719454315 74.51852809728523 20
v 5.220517973539565 74.51956485566302 20
v 14.509914298352044 74.97592363336098 20
v 14.159942289433952 74.92401018980732 20
v 13.145745102726378 74.7735682485584 20
v 11.224327737326778 74.48855290618852 20
v 11.197060869751418 74.48450824845963 20
v 10.614287851940812 74.398062037352 20
v 7.808558184695963 73.98187135639556 20
v 7.9952199901764 74.0095600196472 20
v 6.64003520222822 73.80853734582995 20
v 5.461290275892786 73.63368705312615 20
v 0.2373056876144622 72.8587821403387 20
v 0 72.82358116681796 20
v 4.149634983560532 73.43912137002812 20
v 5.419048155103795 73.62742102642319 20
v 5.444647595664575 73.6312183447192 20
v 13.170034225995975 74.68988174665459 20
v 11.265238455848197 74.21275524440503 20
v 14.024548389919191 74.90392640201613 20
v 11.25323573085161 74.20974871830663 20
v 11.024190465130761 74.15237586595 20
v 8.054528401313643 73.40851424278905 20
v 8.268894875377837 73.46221024924432 20
v 6.993544505686764 73.14275161196156 20
v 5.667466279446877 72.81058630809486 20
v 0 71.74596033770847 20
v 4.506502520585201 72.51978002524532 20
v 5.623114130241602 72.79947667306247 20
v 0.2887010769641636 71.46327576294225 20
v 0.11657323124193941 71.420159982103 20
v 5.652630462402868 72.80687012938155 20
v 0.11537851488499076 71.41986072123447 20
v 0 71.39095990776953 20
v 13.180715837861177 74.65307898840881 20
v 11.298591674144557 73.9879061106927 20
v 11.307223168084498 73.9827325923219 20
v 13.548576613727825 74.7847016786611 20
v 11.29975544592726 73.98006059860884 20
v 8.273813105598446 72.89736111687131 20
v 8.509206830753358 72.98158633849329 20
v 7.3074336201023335 72.5515850079998 20
v 5.861899672682932 72.03436469125877 20
v 4.8372460715524594 71.66773777040875 20
v 5.8157624370732846 72.017856524392 20
v 1.353076392225069 70.4210819251148 20
v 0.573814082059779 70.14225741213288 20
v 5.848722929559204 72.02964997718081 20
v 0.5681314787007354 70.14022414413907 20
v 0 69.93694345060105 20
v 13.086582838174575 74.61939766255644 20
v 11.498309064986909 73.86820011336667 20
v 11.32827741076682 73.78778113013404 20
v 8.471473783860528 72.43661364296878 20
v 8.722362431915187 72.55527513616963 20
v 7.5898738871677605 72.01964794540368 20
v 6.0482272312705145 71.29050338029363 20
v 5.148808107619761 70.86510981604378 20
v 6.0005887532506135 71.26797205821315 20
v 2.2835883155666794 69.50996177921601 20
v 1.0147739083508225 68.90985725745948 20
v 6.036597241355422 71.28500280471981 20
v 1.0050751539480123 68.90527008825693 20
v 0 68.42990494331598 20
v 12.643016315869929 74.40960632174173 20
v 11.61902184645297 73.79584765655532 20
v 11.350917765725105 73.63515225474104 20
v 8.651427868479814 72.01714027762476 20
v 8.913030553571117 72.17393889285776 20
v 7.847161842376143 71.5350817730342 20
v 6.229789516333681 70.56566610762883 20
v 5.447140172001604 70.0965641434749 20
v 6.180909330125105 70.53636845150133 20
v 3.1131904223565225 68.69764849916488 20
v 1.4478525931908999 67.69948341757504 20
v 6.219623116109717 70.55957260183601 20
v 0.9224486860318895 67.38456843475755 20
v 1.4345252982491026 67.69149534439855 20
v 0 67.82085417081788 20
v 0.35239155264341804 67.04288933812367 20
v 0 66.83167396984483 20
v 12.22214883490201 74.15734806151274 20
v 11.683009390914151 73.75749499836235 20
v 11.367482176560127 73.523484067473 20
v 8.816763627203745 71.6317422619567 20
v 9.084752005458174 71.83049598908364 20
v 8.084282756838288 71.08849742431637 20
v 6.409886102924496 69.84668023126518 20
v 5.737666186052994 69.34812796270252 20
v 6.360015148333924 69.80969341054998 20
v 3.866303162983252 67.96023055436962 20
v 2.246035777376057 66.75855836272731 20
v 1.6905095306151416 67.02130270952834 20
v 6.401125051383205 69.84018259260367 20
v 1.6678581212480463 67.03201602828327 20
v 1.9737076461923895 66.55658605546972 20
v 1.8813076897816279 66.48805757732217 20
v 0.9249818460620114 65.77879799291348 20
v 1.8646810188411418 66.47572639773647 20
v 0 65.09278470148989 20
v 1.8670585592093651 66.47748970184935 20
v 11.828033579181731 73.86505226681365 20
v 11.698872186748705 73.7479872044354 20
v 11.377400226827397 73.45662200364168 20
v 8.969958706348233 71.27464419697623 20
v 9.240208041561816 71.51958391687636 20
v 8.305303386182 70.67223572917003 20
v 6.592051595572407 69.11943481893401 20
v 6.025696665871681 68.60612063173971 20
v 6.541449339004522 69.07357160694772 20
v 4.5617500243240325 67.2792767375779 20
v 3.3901733910255016 66.21742157269877 20
v 6.5846598333371595 69.11273531615802 20
v 2.610841048517047 65.51107591034116 20
v 2.323923568928879 65.25102906497432 20
v 1.501630837339695 64.50574637559342 20
v 2.3042913474203925 65.23323545658853 20
v 0 63.144747517258715 20
v 2.3116360776090996 65.23989233200228 20
v 11.46446609406726 73.53553390593274 20
v 11.379586454317804 73.4418836550677 20
v 9.113036033436066 70.94113063419752 20
v 9.381392059202714 71.23721588159457 20
v 8.51366129264418 70.27982251598434 20
v 6.780408333365443 68.36747257048332 20
v 6.316864572683304 67.85603084425847 20
v 6.729364612634259 68.31115450332763 20
v 5.214678171557932 66.63995554905102 20
v 4.399183182651576 65.7401954827302 20
v 6.7743702693880365 68.36081059350165 20
v 3.246346847291268 64.46823659681242 20
v 2.7858178190339595 63.96012111524072 20
v 2.094353972698298 63.1972083264426 20
v 2.7634632723352883 63.93545667377414 20
v 0 60.88644480856804 20
v 2.775466317945876 63.948699993796396 20
v 9.2476785849693 70.6272785517086 20
v 9.50970790484259 70.98058419031481 20
v 8.712395915556957 69.90553342241155 20
v 6.980185380663168 67.56991789080999 20
v 11.134947733186264 73.17196642081817 20
v 6.617667695121512 67.0811193759786 20
v 6.929052484150808 67.5009731610186 20
v 5.8378988194266555 66.0297227585091 20
v 5.305320734144029 65.31162433876186 20
v 6.975504643277697 67.56360664704566 20
v 3.892924615659914 63.40722862897158 20
v 3.279560477621589 62.58020282669659 20
v 2.7172622392914385 61.82203141947985 20
v 3.2547884634542896 62.54680163216931 20
v 0.11443586048988319 58.312526313760166 20
v 0 58.39514828140633 20
v 0.06842151252175821 58.250483147744276 20
v 3.271143390742995 62.56885369883455 20
v 0.06805981637687827 58.24999545694881 20
v 0 58.158227417784026 20
v 9.375317601926364 70.32975172365435 20
v 9.62600271577472 70.74799456845057 20
v 8.90435697729988 69.54400139166641 20
v 7.198571742853991 66.69807066162078 20
v 10.842651938487318 72.77785116509808 20
v 6.936248336715976 66.26041049921415 20
v 7.1478173199305095 66.61339202273538 20
v 6.4429080138659724 65.43732189648887 20
v 6.132948438436683 64.92018558707964 20
v 7.195269296159005 66.69256086217838 20
v 4.565047878322408 62.304301538151016 20
v 3.8219069891818576 61.06444586907229 20
v 3.388192695744748 60.34083728645158 20
v 3.795094018395904 61.01971112991366 20
v 1.5508617953901114 57.275435871905835 20
v 0.9800269290319048 56.32305543435443 20
v 3.8154413264276332 61.053658562469565 20
v 0.6892797953077964 55.83797314742343 20
v 0.9752824364543635 56.31513972670716 20
v 0 56.08460140177107 20
v 0.4022982469526646 55.359173360130605 20
v 0 54.687979284507136 20
v 9.497205339940024 70.0456311394124 20
v 9.730526430823026 70.53894713835395 20
v 9.09242658670152 69.18979837157957 20
v 7.446255440534723 65.70926191288767 20
v 10.590393678258222 72.35698368412997 20
v 7.283648505911031 65.36545843552035 20
v 7.396559009205555 65.60418763703804 20
v 7.040764929774855 64.85192426021428 20
v 6.901196386398408 64.55683136854296 20
v 7.4443642430024015 65.70526331166253 20
v 5.280531097022769 61.13022251311304 20
v 4.436725045413004 59.34614451275969 20
v 4.131282152601178 58.70033977553332 20
v 4.408408079863169 59.28627331939975 20
v 2.97204917402255 56.249347571316854 20
v 2.4752454774260793 55.19894440829013 20
v 1.3154141736960305 55.61393868452443 20
v 4.432235314306764 59.33665177390239 20
v 1.30177626356004 55.61881840679784 20
v 2.1208221773737286 54.44957930095328 20
v 1.993468662988719 54.18031291817666 20
v 1.5619844300379304 53.26801615751909 20
v 1.9848312015004097 54.16205054023947 20
v 0 49.965477554947064 20
v 1.9884767798172156 54.16975846798088 20
v 9.614482922878652 69.7722568367465 20
v 9.822786638766486 70.35442672246703 20
v 9.279805517350336 68.83689614911196 20
v 7.740462628150214 64.53472098113302 20
v 10.380602337443566 71.91341716182544 20
v 7.6760270686535055 64.35463565644906 20
v 7.692910097255164 64.4018205604233 20
v 7.6429757620919805 64.26226344272341 20
v 7.62575684509623 64.21413979357523 20
v 7.74001056771314 64.53345755684956 20
v 6.062931395651208 59.84633526629307 20
v 5.160342663850676 57.32376875035093 20
v 4.981380252922662 56.82360231849364 20
v 5.131394395491501 57.242863760199235 20
v 4.405579705009531 55.21434759277899 20
v 4.181611021023519 54.588397054137 20
v 5.157834224468877 57.316758131927664 20
v 3.4463063216613286 52.53335808868726 20
v 3.156069390636094 51.72220020680948 20
v 2.867107488514142 50.9146057919959 20
v 3.144283012072064 51.689259485457335 20
v 1.8516176603820806 48.07650184999823 20
v 0 49.73995545201246 20
v 1.5321652483936012 47.18369216876993 20
v 3.1527524976525645 51.71293011193413 20
v 0.7537462214778916 45.00815672999628 20
v 1.528697495158996 47.17400044773801 20
v 0 45.196960329769965 20
v 0.5730640427934137 44.503183869247486 20
v 0.18401670084697308 43.415869388872096 20
v 0 43.60854482238532 20
v 0.17063502854832446 43.37847012021455 20
v 0.17045582533256215 43.37796928077827 20
v 0 42.90157716299341 20
v 9.728257596889813 69.50704782246183 20
v 9.90122126132533 70.19755747734933 20
v 9.470453660900105 68.47783681765418 20
v 8.320183393132835 63.88570049691011 20
v 7.846971692045258 64.10951296306415 20
v 10.215298321338949 71.45142338627228 20
v 7.754133625324991 64.15342209848468 20
v 8.202324790224178 63.41518257925627 20
v 8.11160859473897 63.05302322606708 20
v 6.945574402208243 58.39795378995677 20
v 8.068132104192669 62.879455346473286 20
v 6.0521692387676875 54.83128044792641 20
v 8.074960431664955 62.90671555781152 20
v 5.992228131973415 54.59198213575681 20
v 6.024180219771771 54.71954202060652 20
v 5.881247957939861 54.14892444545311 20
v 5.842474149324282 53.99413072451065 20
v 6.05155871893289 54.82884311612146 20
v 4.9368201610508216 50.37855733265913 20
v 4.54028859690275 48.79551459125164 20
v 4.385338155057508 48.17691775201138 20
v 4.526647641458972 48.74105684449564 20
v 3.8993742801723874 46.236841212641934 20
v 3.4240594603179395 44.33927808404062 20
v 3.204003024168763 44.394399351802164 20
v 4.538562742517085 48.78862459432586 20
v 3.181287243002512 44.40008935877486 20
v 3.3802986907334525 44.16457529890936 20
v 3.3689381925564 44.11922164789145 20
v 2.7921705635667973 41.81663620173048 20
v 3.362923313784858 44.09520890580321 20
v 2.567605668317034 40.920122885914544 20
v 2.4227533637510126 40.34184007049216 20
v 3.363405357210609 44.0971333310323 20
v 1.7668779384842592 37.72343859855192 20
v 2.420778973388195 40.333957862327274 20
v 0 38.98634408057246 20
v 1.632144022726652 37.18555065558393 20
v 1.0988094381484044 35.056359642323514 20
v 0 35.335162587833345 20
v 1.0173873816293613 34.731304571764724 20
v 0.5975411249484921 34.79358288086376 20
v 0 34.88221973372777 20
v 0.9583190306436009 34.49549049609129 20
v 0.952419830861162 34.471939570414634 20
v 0.9438644395678821 34.437784533814146 20
v 0.847489947020458 34.05303599251754 20
v 0.35333312705816944 32.08025138295191 20
v 0 32.342301089650604 20
v 0.3430612056304625 32.039243573923194 20
v 0 30.66966646951643 20
v 9.839716989391988 69.24723573444504 20
v 9.962503253846863 70.07499349230626 20
v 9.669875039755878 68.1022543145303 20
v 8.99692942228209 63.565623462898195 20
v 10.096073597983846 70.97545161008064 20
v 8.801074344078842 62.245275774832166 20
v 8.619891860361472 61.02384268415665 20
v 7.978862028865407 56.70237058467477 20
v 8.584423827854478 60.78473663109703 20
v 7.489705048738708 53.40474208437411 20
v 6.4264725571392916 53.78517275295587 20
v 8.597808713939264 60.87497020358951 20
v 6.344380274837859 53.81454584123909 20
v 7.315770998034582 52.232173959871204 20
v 7.217994370529959 51.573017479186795 20
v 6.669291637388616 47.87396411899334 20
v 7.194205466870543 51.41264571738984 20
v 6.265052781800106 45.148807113623974 20
v 7.2014112993245 51.46122349391959 20
v 6.222756347685975 44.86366771612479 20
v 6.252061248668924 45.061225311346746 20
v 6.129285283160259 44.23353698334121 20
v 6.0474935709625655 43.68214204840306 20
v 6.264670608788754 45.14623071245731 20
v 5.675266366102679 41.17279006283949 20
v 5.568077256329494 40.45017978092478 20
v 5.317303386479763 38.759599672811085 20
v 5.561381979509238 40.40504389089993 20
v 5.225044498779393 38.13764077240252 20
v 5.030447152247263 36.825772022536114 20
v 5.565632397030154 40.43369787832033 20
v 4.837987147208727 35.5283120586229 20
v 5.027740075685051 36.80752239473414 20
v 4.640050745058996 34.19393322423141 20
v 4.297539458443296 34.24473997417458 20
v 4.602400634779679 33.94011679772477 20
v 4.598354722949699 33.91284147568647 20
v 4.277923629101897 31.75267050729645 20
v 4.239377654261605 31.492814652490296 20
v 4.182650183011048 31.110389104975127 20
v 4.141137440698259 30.8305329284552 20
v 3.932733427823564 29.425587194562965 20
v 3.85962619780999 28.93273828293472 20
v 3.6643993164818935 27.61662555420376 20
v 0 29.812981980302826 20
v 3.55907803850183 26.90660717142369 20
v 3.4244756896462536 25.99919184295676 20
v 0 27.61884822005556 20
v 2.4570198449083716 24.791979332145257 20
v 3.239699027508547 24.75352876952397 20
v 0 25.67111509003679 20
v 0 24.912684976946668 20
v 3.2056677917717877 24.524108813507155 20
v 3.119090244411188 23.940450398598102 20
v 3.0023596670567567 23.15351676710659 20
v 0 23.905568713508632 20
v 2.810015013677905 21.856834440917023 20
v 0 22.27366079296851 20
v 2.6247614686520535 20.607956484190844 20
v 0 20.736902746541997 20
v 2.443073808918289 19.38311777344445 20
v 0 19.263097253458003 20
v 2.261499457022211 18.15904292209298 20
v 0 17.82358116681816 20
v 2.076379554597823 16.911065910603902 20
v 0 16.390959907769307 20
v 0.4871456594988981 15.11124695468338 20
v 1.8835145611742945 15.610875736768513 20
v 0 15.087315023053332 20
v 1.8191080147135996 15.176682069206597 20
v 0 14.936943450601138 20
v 1.8070217364217327 15.09520299934338 20
v 1.6777017994066439 14.223398798884896 20
v 0 13.429904943316076 20
v 1.6401007252629451 13.969912947152677 20
v 1.4520209077832567 12.701981809194223 20
v 0 11.831673969845047 20
v 1.4290258908532145 12.546961996998633 20
v 1.1966283057902691 10.980264738163406 20
v 0 10.092784701489466 20
v 1.1816924871305607 10.879575627533082 20
v 0.8965554754560543 8.957338034307146 20
v 0 8.14474751725894 20
v 0.8871646955517702 8.89403053853269 20
v 0.5273374031770164 6.4682719728189415 20
v 0 5.886444808568292 20
v 0.4256631850952113 5.782840070762676 20
v 0.34911718714868867 5.266808868781203 20
v 0 5.215022226058893 20
v 0.04542379417070852 3.219474314181167 20
v 0 3.158227417783618 20
v 0.04079554426384391 3.1882731877136714 20
v 0 2.9132519677059694 20
v 9.950349952042513 68.9893500562223 20
v 10 69.99999999999999 20
v 9.886707602109674 67.69388026258625 20
v 9.668299877056334 63.24808888621584 20
v 10.024076366639015 70.49008570164781 20
v 9.547395615939308 60.7870261133252 20
v 9.405041832842002 57.88934829019352 20
v 9.24468483237651 54.62520655877809 20
v 9.387261964072463 57.52743074707864 20
v 9.155447064358018 52.80873006095153 20
v 9.398803761558732 57.762369432144546 20
v 8.984003122364152 49.318908450195195 20
v 8.868170625265899 46.96108380559025 20
v 8.76423171050023 44.84535859110135 20
v 8.856107591651694 46.71553511539719 20
v 8.674756407947005 43.02404696674323 20
v 7.0811982487024 43.42321250594047 20
v 8.864854093978575 46.89357426034386 20
v 7.011967965006897 43.44055378925654 20
v 8.577946632253411 41.05343871182998 20
v 8.542573147344385 40.33339488498132 20
v 8.408749113071309 37.60934408789052 20
v 8.535582813609047 40.191103372943786 20
v 8.322545405489777 35.8546273090607 20
v 8.538602417433419 40.25256882083106 20
v 8.288542733624789 35.16248702274989 20
v 8.318721235894692 35.77678454867554 20
v 8.27767978416598 34.94136660672924 20
v 8.214909739025396 33.66365298505108 20
v 7.271889543363692 33.80353681704316 20
v 8.322223286006436 35.8480704163462 20
v 7.2455895932286865 33.80743804611865 20
v 8.168477162720468 32.71849618133132 20
v 8.16276997052817 32.60232361543149 20
v 8.05882105101222 30.486394749572106 20
v 8.161132099478476 32.56898398430552 20
v 8.040572614592826 30.114939292830535 20
v 8.16150225790196 32.57651873211084 20
v 7.971118670744905 28.70117178740645 20
v 7.94334070134575 28.135738230614038 20
v 7.901768644476858 27.28951957291517 20
v 7.895281947216965 27.15747981684835 20
v 7.8634899796658395 26.51033945062676 20
v 7.811011535927813 25.442116188107637 20
v 7.796176095354966 25.140133857824633 20
v 6.3849011056431255 24.59901489953684 20
v 7.766258791512149 24.531153148025254 20
v 7.738149533669656 23.958976060049995 20
v 7.687138033561391 22.920613121094068 20
v 7.6675879984956605 22.52266301524635 20
v 7.641492380879042 21.99147451569718 20
v 7.599972180168917 21.146311414359207 20
v 7.56160967508052 20.365424684018972 20
v 7.5256184851301455 19.63280718219931 20
v 7.49132831579862 18.934814750516114 20
v 7.458133815577292 18.259125175933285 20
v 7.425449055781987 17.593811606089453 20
v 3.9104808172847836 15.27942462669046 20
v 7.3926598833542965 16.926372668287456 20
v 5.916657077195889 15.377981746422186 20
v 7.35906473053916 16.24252762280242 20
v 7.212071365626253 15.441621369559128 20
v 7.323789162245618 15.524476934450188 20
v 7.319979159136913 15.44692253951988 20
v 7.2955820070018484 14.95030709909266 20
v 7.285646879915866 14.748072941343827 20
v 7.262582741739359 14.278591623393686 20
v 7.242890301267198 13.877742788905627 20
v 7.217065309975244 13.352063014746662 20
v 1.7139843527698027 5.469267787652271 20
v 7.1927192005877565 12.856486573315248 20
v 7.152536579246823 12.038550525522767 20
v 3.496996564378972 5.733752664854245 20
v 7.135914628734111 11.700202949997106 20
v 7.131454827126927 11.60942160276819 20
v 3.6360612347816597 5.754380960070121 20
v 7.130206437090353 11.584010039795345 20
v 7.056950451717141 10.092850201194388 20
v 5.213436281889559 5.988362445401217 20
v 7.045618678024292 9.862186648655914 20
v 6.35210137300003 6.157267456166526 20
v 6.7407715291766515 6.7407715291766515 20
v 6.123332851631662 6.123332851631662 20
v 6.5420732807896025 6.1854471267130355 20
v 7.0386561955649505 9.720462062365277 20
v 6.965425171745938 8.229810327872691 20
v 6.916385205053897 7.231578873542386 20
v 6.885747645668174 6.607937025357655 20
v 6.900100727995769 6.900100727995769 20
v 6.8673625215939476 6.233699227483346 20
v 6.915584607407251 7.215282334065444 20
v 0.2199808870903907 0.05499522177259768 20
v 0 0 20
v 0.1870180196971738 0 20
v 0.46681790296290876 0.46681790296290876 20
v 2.7004570452466794 0.6751142613116698 20
v 2.3811517799443713 0 20
v 4.518012593885674 4.518012593885674 20
v 4.754150469453345 1.1885376173633362 20
v 4.3288849099632145 0 20
v 6.501570973922907 1.6253927434807267 20
v 6.094431286491412 0 20
v 6.829070230583627 5.4542417375361705 20
v 6.796285305980963 4.786889266198987 20
v 6.674981059945202 2.317684613244544 20
v 6.586239551671579 0.511309714588253 20
v 6.642704300191964 1.660676075047991 20
v 6.561120516137333 0 20
v 6.664102427943016 2.096244971719873 20
v 6.6581060265698735 1.9741854177024765 20
v 10.062491967840106 68.72794677180896 20
v 10.136394312894932 67.22362997963481 20
v 10.347481081256802 62.92686010018157 20
v 10.548721424588505 58.83051880665167 20
v 10.874775055985976 52.193544668730844 20
v 10.827532194867892 52.21044843473016 20
v 10.685202899272184 52.26137467100497 20
v 10.879372523475588 52.09996106808921 20
v 10.8852681042737 51.9799537640227 20
v 11.206683160329415 45.437399996297124 20
v 10.917804852090308 51.317653047219366 20
v 11.358265880850082 42.35186283623115 20
v 10.434591308865185 42.58323127197366 20
v 10.914239681147981 51.390223768913465 20
v 10.306852388312176 42.615228205881095 20
v 11.44416293687812 40.60338809317068 20
v 11.492095118734762 39.6277061171928 20
v 11.661930655927078 36.170624338302254 20
v 11.512768378882878 39.20689223954491 20
v 11.795286140971475 33.45611107986655 20
v 11.504484104482168 39.37552251890505 20
v 11.809014638705799 33.176661088695795 20
v 11.807197421865915 33.21365138724767 20
v 11.811298149502042 33.13017915861157 20
v 9.774419604332085 33.43232154910501 20
v 11.795521093747062 33.45132850624968 20
v 9.709746991261104 33.44191482503159 20
v 11.95485855296149 30.20794001376268 20
v 11.976984071266168 29.757564742225743 20
v 12.063067040371635 28.00530565153662 20
v 11.983476628742768 29.625405698707418 20
v 12.097892080765208 27.29642566926636 20
v 11.980120517515092 29.693720912148272 20
v 12.141596248152563 26.406806904935976 20
v 12.10066513363632 27.239978881326017 20
v 12.18401491007372 25.543355205504557 20
v 12.098424682888123 27.285584303996345 20
v 12.200558569117144 25.20660128944733 20
v 12.24454932699507 24.31114884166456 20
v 12.15845842292839 24.315378216575162 20
v 10.728320417374166 24.385636391523626 20
v 8.905581564864889 24.47518180929982 20
v 12.248343785075352 24.233910873057003 20
v 12.298084263362668 23.22142017762816 20
v 12.337546839509107 22.41814098648072 20
v 12.369460218183715 21.768529240065742 20
v 12.39562716650938 21.23588877057803 20
v 12.4049556050383 21.046004042110866 20
v 12.417276678783482 20.795202824385704 20
v 12.435263943706714 20.4290636355788 20
v 12.4501886529883 20.125264198985125 20
v 12.462466691558495 19.875338982371176 20
v 12.472373414990672 19.673682994277797 20
v 12.48006809289366 19.51705422733881 20
v 12.485604205355862 19.404364069346126 20
v 12.48892697731701 19.336727492265815 20
v 12.489856536385057 19.317805882750683 20
v 12.222148834901981 19.15734806151272 20
v 8.098930169867208 15.485189948801798 20
v 11.82803357918177 18.86505226681368 20
v 8.727796368533248 15.516084164068763 20
v 11.464466094067275 18.53553390593275 20
v 9.181751024065786 15.53838552623326 20
v 11.134947733186303 18.171966420818215 20
v 9.485923032253107 15.553328538783555 20
v 10.842651938487283 17.777851165098024 20
v 9.510034357873295 15.55451305225504 20
v 9.743308753244714 15.565973088431514 20
v 10.59039367825822 17.35698368412998 20
v 9.901255505989651 15.573732514825192 20
v 10.38060233744357 16.913417161825457 20
v 9.996621745117574 15.578417557727906 20
v 10.215298321338953 16.451423386272296 20
v 10.037476882558538 15.58042464192728 20
v 10.096073597983844 15.97545161008063 20
v 7.2347192615957345 6.288191452290377 20
v 8.131187801678502 8.131187801678502 20
v 7.686321069388792 6.355180252423462 20
v 8.158397935587475 6.42520624056505 20
v 9.072050825183055 9.072050825183055 20
v 8.691150986350635 6.50423269046407 20
v 9.034069112473125 6.555099789347247 20
v 9.741675060666315 9.741675060666315 20
v 9.589173859630204 6.637441800204016 20
v 10.024076366639017 15.490085701647825 20
v 9.848132963029169 6.675854754538747 20
v 10.234132077452129 10.234132077452129 20
v 10.404881848043363 6.7584406502082 20
v 10.000000000000002 15.000000000000004 20
v 10.605021560065978 6.7881285720367135 20
v 10.60353325622416 10.60353325622416 20
v 11.157342057828302 6.870057578509957 20
v 10.024076366639019 14.509914298352175 20
v 11.31371697550997 6.893253606350495 20
v 10.882992406533088 10.882992406533088 20
v 11.861997898149955 6.97458339845873 20
v 10.096073597983848 14.024548389919355 20
v 11.984017032394611 6.992683227235485 20
v 11.0936758572618 11.0936758572618 20
v 12.531952550908851 7.07396178348163 20
v 10.215298321338954 13.548576613727695 20
v 12.625564328535049 7.087847778961033 20
v 11.24948493534551 11.24948493534551 20
v 13.087310973847153 7.156341423585921 20
v 13.075941795748411 7.387766360297536 20
v 10.38060233744357 13.086582838174543 20
v 13.06817138696679 7.545936664684714 20
v 13.066417679712895 7.581634195915118 20
v 11.359627394606498 11.359627394606498 20
v 13.016630007187647 8.595085552126314 20
v 10.590393678258232 12.643016315869994 20
v 13.013675489164706 8.655226148089694 20
v 13.010206376477637 8.725841559078793 20
v 11.430085869476752 11.430085869476752 20
v 12.980023038329495 9.340237521567335 20
v 10.842651938487268 12.222148834901994 20
v 12.97908169819997 9.359398940097943 20
v 12.976980944275702 9.40216076859147 20
v 11.464466094067262 11.464466094067262 20
v 12.956541533355843 9.818214535844467 20
v 11.134947733186308 11.828033579181781 20
v 12.941429631070802 10.125824373559594 20
v 12.932080478440787 10.316130747240924 20
v 11.828033579181772 11.134947733186314 20
v 12.926967901200861 10.4201996477285 20
v 12.222148834901983 10.842651938487279 20
v 12.925162548379731 10.456948448630687 20
v 12.643016315870007 10.590393678258229 20
v 8.023897392953995 2.0059743482384986 20
v 7.726339207031442 0 20
v 9.378278574109629 2.3445696435274073 20
v 9.263097253458005 0 20
v 10.606635104210964 2.651658776052741 20
v 10.736902746541995 0 20
v 11.741015067014823 2.9352537667537058 20
v 12.176418833181893 0 20
v 12.807040905843051 3.2017602264607627 20
v 13.39736453521439 0.8450561931630465 20
v 13.438879483862669 0 20
v 13.275829562739235 3.3189573906848087 20
v 13.180388508117465 5.261704688132896 20
v 13.171837202829977 5.435770506063751 20
v 10.024076366639015 69.50991429835219 20
v 10.181071830184049 68.4515368529973 20
v 10.45114720450225 66.63083657115652 20
v 11.04985731091566 62.59466088412958 20
v 12.040621720049884 55.91546977497212 20
v 12.689008436552829 51.54440158536424 20
v 13.405106488741861 46.71686064892154 20
v 14.156567074338811 41.65092487657444 20
v 13.42676463407626 41.833730871376005 20
v 13.244056018685672 41.87949699704596 20
v 14.54015873845329 39.06495992983275 20
v 15.149837929722995 34.95483667931615 20
v 15.488418969308611 32.672308715573806 20
v 15.450690133012092 32.92665586977848 20
v 15.501702354511487 32.58275940644583 20
v 13.929364811959651 32.815993648563875 20
v 15.204253894423696 34.58799404319164 20
v 13.76534775745175 32.840323280317435 20
v 11.959863459050965 33.10814157670569 20
v 11.84895534923278 33.12459324070158 20
v 16.297417234738628 27.218485413114067 20
v 16.55605623312714 25.47488291529374 20
v 16.72440309736848 24.33998054240987 20
v 16.68940323156042 24.57593047195084 20
v 16.76159686534076 24.08924052584671 20
v 16.212732972901485 24.11620447983446 20
v 16.572254199733585 25.36568509435188 20
v 16.069545127114893 24.123238847623227 20
v 15.332362332947211 24.159454316004943 20
v 15.237092294175813 24.164134632887198 20
v 14.39009721127508 24.205744833080338 20
v 14.342013970186093 24.208107011241744 20
v 13.350044936317444 24.256839324944572 20
v 17.006567556313772 22.43778227193054 20
v 17.074472176580123 21.980006506297165 20
v 17.21779550492068 21.013799109703626 20
v 17.031572222415875 22.26921450548992 20
v 17.25222652428814 20.781684031367984 20
v 17.33289870764063 20.237836346856234 20
v 17.23962829083143 20.866614422608713 20
v 17.346909034025604 20.14338639834763 20
v 17.399480975311764 19.788975158306723 20
v 17.3435645001228 20.165933414471684 20
v 17.437832107944974 19.530432822966187 20
v 17.45798434710413 19.394577461812187 20
v 17.46539366793601 19.344627878067612 20
v 17.35698368412995 19.409606321741798 20
v 16.91341716182545 19.619397662556437 20
v 16.451423386272374 19.784701678661026 20
v 15.975451610080622 19.903926402016157 20
v 15.490085701647802 19.975923633360985 20
v 15.000000000000005 20 20
v 14.509914298352218 19.975923633360985 20
v 14.024548389919355 19.90392640201615 20
v 13.548576613727674 19.784701678661037 20
v 13.086582838174547 19.61939766255643 20
v 12.643016315870012 19.409606321741776 20
v 13.178967246090288 7.16993734724319 20
v 13.247798025702028 7.1801474289099305 20
v 13.814340463294165 7.264186060872541 20
v 13.860285906529647 7.271001423567765 20
v 14.4498167853697 7.358450068664854 20
v 14.473303202429799 7.3619339495332 20
v 15.098703264226017 7.454703285306283 20
v 15.77746847782825 7.555388593572646 20
v 16.508331884021402 7.663801938685944 20
v 17.323899903931338 7.784780026323977 20
v 18.27628984059759 7.926053728100948 20
v 19.14017068232605 8.054198345874195 20
v 19.11504466354882 8.223584205598451 20
v 13.086582838174566 10.38060233744356 20
v 19.058665532804902 8.603661432167247 20
v 13.548576613727676 10.21529832133896 20
v 19.023011134795652 8.844023859390308 20
v 18.945567055426114 9.366109434541247 20
v 14.02454838991935 10.096073597983851 20
v 18.879811544608167 9.809397081114192 20
v 14.509914298352214 10.024076366639013 20
v 18.823674089547822 10.187845062564616 20
v 14.999999999999973 10 20
v 18.775672262673403 10.51144709381147 20
v 15.490085701647818 10.024076366639017 20
v 18.734761544151972 10.787244755595053 20
v 15.975451610080626 10.096073597983844 20
v 18.700244554072913 11.019939401391213 20
v 16.451423386272314 10.215298321338958 20
v 18.671722589233344 11.212218869866033 20
v 16.91341716182545 10.380602337443566 20
v 18.64908223427506 11.364847745259036 20
v 17.356983684129975 10.590393678258218 20
v 18.63251782344003 11.476515932527123 20
v 17.777851165098028 10.842651938487283 20
v 18.62259977317276 11.54337799635845 20
v 18.17196642081823 11.134947733186314 20
v 18.620413545682347 11.558116344932467 20
v 18.535533905932716 11.464466094067243 20
v 13.60904009223064 0 20
v 13.8262763534627 3.456569088365675 20
v 15.063056549398862 0 20
v 14.817997356915974 3.7044993392289935 20
v 16.570095056683947 0 20
v 15.800684564124811 3.950171141031203 20
v 18.168326030154923 0 20
v 16.79349003410797 4.198372508526992 20
v 19.853384628285962 0.07258225655621153 20
v 19.563620017382558 0 20
v 20.075256074123878 1.7503646820703298 20
v 20.037378444661513 2.0057149183208325 20
v 17.817942130752463 4.454485532688116 20
v 19.966425195258363 0.1008974445554307 20
v 20.248603969866643 0.5817480933416277 20
v 20.307267027976348 0.18627387913899343 20
v 19.928255267952526 2.7413636204321197 20
v 19.747972124103168 3.9567338541911647 20
v 18.90025164439108 4.72506291109777 20
v 19.607763892681124 4.901940973170281 20
v 19.530567089514307 5.4223595475695685 20
v 19.38796137402915 6.3837291912528835 20
v 19.361276583041615 6.563623439643795 20
v 19.300030513860115 6.9765109000496075 20
v 19.225794178486463 7.476971621723503 20
v 19.907215298510533 0 20
v 20.31344409363061 0.14463148502565074 20
v 20.334898147791026 0 20
v 10.09607359798385 69.02454838991935 20
v 10.32173914008901 68.12364104554976 20
v 10.91404059825434 65.75904107710043 20
v 11.79494867150619 62.242258915749325 20
v 14.633844586596842 50.848528083859186 20
v 14.614327818866352 50.9866664281927 20
v 14.650414788203435 50.84259917092101 20
v 17.14000108093482 40.90361356133083 20
v 14.8501620702774 50.045163320681894 20
v 16.17014675029885 41.14654942444021 20
v 15.998506723303324 41.18954301304948 20
v 19.36792064267312 32.009260098632566 20
v 19.114731895726354 33.020046235976395 20
v 19.162894551960466 32.03967284626955 20
v 18.916327819140577 32.0762475660765 20
v 18.838890025259857 34.12126871181238 20
v 17.484084473902367 32.28870079708763 20
v 19.091230794043135 33.11386789306094 20
v 17.251174011993974 32.32324980046283 20
v 15.753363120602396 32.54542905818308 20
v 15.536732060260082 32.57756324045044 20
v 21.134506248940426 24.956655025226368 20
v 19.560228596554648 23.951752565227302 20
v 21.40897116315323 23.860929666895597 20
v 19.223347324348644 23.968302480877114 20
v 18.71459152903211 23.993296050402975 20
v 18.42606236278774 24.00747057940717 20
v 17.885356659015613 24.03403374728588 20
v 17.639505003995374 24.04611166460763 20
v 17.05704027296355 24.074726321945047 20
v 16.86336979862149 24.084240742242827 20
v 22.475923633360935 19.601416639180158 20
v 22.368175957999995 20.031569471402044 20
v 19.765867922547876 19.765867922547876 20
v 19.947568082288225 16.067276203498114 20
v 21.900126730280206 21.900126730280206 20
v 19.89071977975656 16.06448342547999 20
v 19.39646674377585 19.39646674377585 20
v 19.881735648656917 16.064042063421148 20
v 19.1170075934669 19.1170075934669 20
v 19.78470167866104 16.451423386272317 20
v 18.9063241427382 18.9063241427382 20
v 19.619397662556427 16.913417161825464 20
v 18.75051506465449 18.75051506465449 20
v 19.40960632174178 17.356983684129986 20
v 18.640372605393498 18.640372605393498 20
v 19.157348061512735 17.777851165098 20
v 18.56991413052325 18.56991413052325 20
v 18.86505226681366 18.171966420818265 20
v 18.53553390593274 18.53553390593274 20
v 18.171966420818226 18.865052266813688 20
v 17.777851165098035 19.15734806151271 20
v 20.33253625288378 8.231069070289596 20
v 19.975923633360996 15.490085701647715 20
v 19.90392640201615 15.97545161008065 20
v 19.45706933668795 8.101205820718539 20
v 20.318363853132336 8.51955489459861 20
v 20.28654739432955 9.167193791700493 20
v 20.258324939333693 9.741675060666314 20
v 20.2330046675044 10.257081034143404 20
v 20.210055710813123 10.724217779099934 20
v 20.189063287195864 11.151528378411037 20
v 20.169697980854103 11.545718244698751 20
v 20.151694214975876 11.912193318160863 20
v 20.134834849228007 12.25537359181943 20
v 20.118939949231002 12.57892171411084 20
v 20.103858453704195 12.88591260804316 20
v 20.089461888854327 13.178961417755703 20
v 18.86505226681369 11.828033579181783 20
v 20.075639550672513 13.460321575117247 20
v 19.157348061512756 12.22214883490203 20
v 20.062294752819618 13.731961175773842 20
v 19.409606321741762 12.643016315869987 20
v 20.04934185549999 13.99562345781332 20
v 19.61939766255643 13.086582838174548 20
v 20.03670387024734 14.252875557468654 20
v 19.78470167866104 13.54857661372768 20
v 20.02431048994667 14.505148608943067 20
v 19.903926402016157 14.024548389919387 20
v 20.012096430940783 14.753771491607102 20
v 19.975923633360985 14.50991429835219 20
v 20.000000000000004 15.000000000000048 20
v 20.485308083368775 5.121327020842194 20
v 20.722640266099404 0.2903194589012591 20
v 20.672810705970605 1.3046234568703983 20
v 20.579547590502116 3.203037784394697 20
v 20.506061394734914 4.698883663217445 20
v 20.074829155642323 5.018707288910581 20
v 20.44640474582175 5.9132226487847355 20
v 20.396791114329005 6.923131318393315 20
v 20.354694359323524 7.780030452024452 20
v 20.736902746542 0 20
v 10.215298321338954 68.54857661372769 20
v 10.596535389307775 67.48309038682159 20
v 11.832006833778939 64.03017901376629 20
v 12.609597488324667 61.856958720672644 20
v 16.829586691365634 50.06287899624173 20
v 13.443943766873097 59.52511708470557 20
v 14.736439434013061 50.81181906047628 20
v 13.38451217691066 59.69121725142201 20
v 13.41447670470566 59.6074720064189 20
v 20.398905775489354 40.08730043083868 20
v 18.507904881265254 45.37229388280715 20
v 18.747214854573503 40.501027468794476 20
v 18.595875423941845 40.53893602273048 20
v 18.401603192786403 45.66938719950514 20
v 18.477455552203203 45.45739405658354 20
v 20.977557135877227 38.47007821800765 20
v 21.639906532797024 36.61893566364483 20
v 13.533716554198747 61.41988295378461 20
v 12.993432443686427 62.56221772806909 20
v 13.13490188152366 61.60850824606855 20
v 10.380602337443564 68.08658283817455 20
v 13.112105940353981 61.619289923275105 20
v 12.972688479562668 62.60607715520014 20
v 19.327981496417237 49.168939040891786 20
v 18.204713859028534 51.54388892013357 20
v 18.303377307861734 49.53554828163976 20
v 16.251554532499995 55.67349735206749 20
v 18.254543561788125 49.55302127537813 20
v 18.176932109354187 51.60262849460185 20
v 21.10505565304674 45.41163142050813 20
v 21.219875417890574 45.16886542461035 20
v 14.524318417165485 60.95136316566902 20
v 14.137418737963944 61.725162524072104 20
v 12.78220449507953 63.98620089029595 20
v 14.51546564939475 61.094429357367645 20
v 14.631640272548012 60.90060370838979 20
v 10.59039367825824 67.64301631586997 20
v 12.776309133515547 63.99603670684592 20
v 20.652488587024585 48.69502282595083 20
v 18.093211204690096 53.81357759061981 20
v 20.385520280660657 51.3008348738317 20
v 18.37185856126336 54.660426486788104 20
v 20.966227713782494 50.33198305373477 20
v 18.023015928733862 55.242435257773984 20
v 12.687425494655155 64.62514901068968 20
v 14.436105551387657 62.37693752755102 20
v 12.700564478945092 64.71704376918511 20
v 16.01696660250896 60.245393151203466 20
v 12.667101292359538 64.7621636531436 20
v 10.842651938487204 67.22214883490209 20
v 12.519222311625533 64.96155537674892 20
v 20.022456025648783 54.844615866977584 20
v 18.921093920539093 56.32963075794711 20
v 20.795759838105642 53.80193637817533 20
v 17.902107919234798 57.7035743307339 20
v 17.815985089926304 59.45664479449528 20
v 17.81910964720609 59.39304296994418 20
v 17.91453751482708 59.347908949921035 20
v 14.382388725738828 63.245034587672876 20
v 12.747937550391436 65.04837356330648 20
v 17.791288296486997 59.483893507001376 20
v 12.60051902468842 65.21102484169306 20
v 11.134947733186321 66.82803357918178 20
v 12.140971052838928 65.71805789432213 20
v 19.770930477330896 57.299694947649876 20
v 19.3816195026698 57.72923341587548 20
v 20.67281070597061 56.3046234568703 20
v 20.579547590502106 58.20303778439489 20
v 19.776891930580813 58.930522469461735 20
v 19.644936502546113 58.52949118049194 20
v 19.518287902661683 59.16490749806319 20
v 17.751656214924658 60.76608912694313 20
v 14.344708745899673 63.853966320490805 20
v 12.779938688279254 65.27219123238098 20
v 17.26301527904947 61.20896745584045 20
v 12.562167892055198 65.46956717703368 20
v 11.464466094067257 66.46446609406728 20
v 12.019122654736657 65.96175469052667 20
v 20.506061394734914 59.69888366321742 20
v 20.123155338242444 59.982866149185924 20
v 19.22205212937005 60.651169836293626 20
v 17.70191573663735 61.77857982237183 20
v 14.31782705479736 64.28839104189147 20
v 12.800205176833664 65.41393613671764 20
v 16.908349038339697 62.367128997667585 20
v 12.542015652896039 65.6054225381877 20
v 11.828033579181799 66.13494773318631 20
v 11.994112332449383 66.01177533510122 20
v 20.44640474582175 60.9132226487846 20
v 20.432101023543524 60.92179596998396 20
v 18.996621983891085 61.78218899513555 20
v 17.662453160490916 62.58185901351918 20
v 14.298666646964838 64.5980350595571 20
v 12.81103587650629 65.48968662920547 20
v 16.658276791800198 63.18373916626089 20
v 12.534606332064156 65.65537212193229 20
v 12.22214883490199 65.84265193848728 20
v 18.81987496416276 62.668957111956026 20
v 17.630539781816307 63.23147075993419 20
v 20.396791114329 61.92313131839324 20
v 14.285325305357746 64.81363937510083 20
v 12.813880347290798 65.50958100992939 20
v 16.476514254516754 63.77728418482629 20
v 12.643016315870087 65.59039367825818 20
v 18.678172824804545 63.379899448982485 20
v 17.604372833490636 63.76411122942208 20
v 20.354694359323506 62.78003045202465 20
v 13.086582838174431 65.3806023374436 20
v 14.276589768089538 64.95481104951608 20
v 16.342256088574665 64.21570382171983 20
v 18.562683073326987 63.95933003619825 20
v 17.582723321216537 64.20479717561425 20
v 20.318363853132333 63.51955489459847 20
v 13.548576613727699 65.21529832133896 20
v 14.271679093676466 65.03417057922978 20
v 16.242815550348336 64.54042660007575 20
v 18.467470173954972 64.43702840759325 20
v 17.564736056293306 64.57093636442116 20
v 20.286547394329542 64.16719379170046 20
v 14.024548389919211 65.09607359798387 20
v 14.270102513717607 65.05964908453612 20
v 16.170121792215728 64.77780784851818 20
v 18.388439765615008 64.83353662868181 20
v 17.549811347011715 64.87473580101492 20
v 20.25832493933368 64.74167506066641 20
v 14.509914298352289 65.02407636663901 20
v 16.1189125884381 64.94503134936265 20
v 18.322725616793697 65.16323504220134 20
v 17.537533308441525 65.12466101762878 20
v 20.233004667504392 65.25708103414334 20
v 14.999999999999957 65 20
v 16.085745234747968 65.05333924303535 20
v 18.26832159592788 65.43618873163157 20
v 17.527626585009344 65.32631700572223 20
v 20.21005571081311 65.72421777909997 20
v 15.49008570164781 65.02407636663901 20
v 16.068434818844437 65.10986635408032 20
v 18.223857931012716 65.65927006258902 20
v 17.519931907106358 65.48294577266117 20
v 20.189063287195857 66.15152837841099 20
v 15.975451610080691 65.09607359798386 20
v 16.065733348829895 65.11868799628394 20
v 18.188468780364488 65.83682310152818 20
v 17.51439579464415 65.59563593065387 20
v 20.169697980854092 66.54571824469876 20
v 16.451423386272385 65.21529832133898 20
v 18.161723717370204 65.97100736773046 20
v 17.511073022683007 65.66327250773419 20
v 20.151694214975866 66.91219331816089 20
v 16.913417161825443 65.38060233744356 20
v 18.14361132511958 66.06188014166402 20
v 17.51014346361496 65.68219411724932 20
v 20.134834849227996 67.25537359181946 20
v 17.356983684130103 65.59039367825828 20
v 17.777851165098063 65.84265193848731 20
v 18.13457508111061 66.10721642566632 20
v 20.118939949230995 67.57892171411083 20
v 18.171966420818194 66.13494773318628 20
v 20.103858453704188 67.88591260804313 20
v 18.53553390593269 66.4644660940672 20
v 20.089461888854316 68.17896141775573 20
v 18.86505226681368 66.82803357918178 20
v 20.075639550672506 68.46032157511719 20
v 19.157348061512742 67.22214883490201 20
v 20.062294752819607 68.73196117577385 20
v 20.049341855499982 68.9956234578133 20
v 19.95621615102176 68.79872569877253 20
v 19.40960632174179 67.64301631587004 20
v 20.036703870247333 69.25287555746864 20
v 19.88868847201223 68.83920023195591 20
v 19.619397662556416 68.08658283817451 20
v 20.024310489946664 69.50514860894303 20
v 19.861570493109337 68.85545412299838 20
v 19.784701678661047 68.5485766137277 20
v 19.903926402016157 69.02454838991939 20
v 20.012096430940776 69.75377149160705 20
v 19.975923633360985 69.50991429835217 20
v 20 69.99999999999994 20
v 105.73690274654177 0 0.49661366072128077
v 105.73690274654177 0 17.62281712442363
v 23.438879483862667 0 0.32064818083173785
v 43.25403966229153 0 2.6721469840387373
v 23.438879483862667 0 3.3620728156530575
v 43.25403966229153 0 7.209006610381922
v 23.438879483862667 0 3.9064799139771114
v 23.438879483862667 0 5.441353850893885
v 56.604851718594006 0 2.207297342263027
v 56.604851718594006 0 9.434141953099001
v 65.26004454798698 0 1.9059401462156353
v 65.26004454798698 0 10.876674091331164
v 71.39145517761537 0 1.6924562006142092
v 71.39145517761537 0 11.898575862935896
v 76.01365591942715 0 1.531520045570941
v 76.01365591942715 0 12.66894265323786
v 79.66483741216628 0 1.4043929163895612
v 79.66483741216628 0 13.277472902027714
v 82.65769891035004 0 1.3001872254212519
v 82.65769891035004 0 13.776283151725007
v 85.1870180196969 0 1.2121211904146914
v 85.1870180196969 0 14.197836336616149
v 87.38115177994429 0 1.1357256656962142
v 87.38115177994429 0 14.563525296657383
v 89.3288849099636 0 1.067909337824476
v 89.3288849099636 0 14.888147484993937
v 91.09443128649112 0 1.0064364029044024
v 91.09443128649112 0 15.182405214415189
v 92.72633920703173 0 0.9496165024312966
v 92.72633920703173 0 15.454389867838623
v 94.26309725345779 0 0.8961095378837832
v 94.26309725345779 0 15.710516208909631
v 95.73690274654179 0 0.8447944603725424
v 95.73690274654179 0 15.956150457756964
v 97.17641883318204 0 0.7946732741568164
v 97.17641883318204 0 16.19606980553034
v 98.60904009223047 0 0.7447921525995284
v 98.60904009223047 0 16.434840015371744
v 100.06305654939895 0 0.6941660913232266
v 100.06305654939895 0 16.67717609156649
v 101.57009505668404 0 0.64169390406605
v 101.57009505668404 0 16.928349176114008
v 103.16832603015514 0 0.5860465702289919
v 103.16832603015514 0 17.19472100502586
v 104.90721529851008 0 0.5255017846329095
v 104.90721529851008 0 17.484535883085016
v 0.1870180196971736 0 0.031169669949528935
v 2.3811517799443713 0 0.39685862999072846
v 4.328884909963214 0 0.7214808183272022
v 6.0944312864914085 0 1.015738547748568
v 6.561120516137333 0 0.36826008452316816
v 6.561120516137333 0 1.0935200860228889
v 6.561120516137333 0 6.444813461249909
v 7.726339207031443 0 1.287723201171907
v 9.263097253458007 0 1.543849542243001
v 10.736902746541995 0 1.7894837910903325
v 12.176418833181893 0 2.029403138863649
v 13.438879483862669 0 1.9987694469677089
v 13.438879483862667 0 2.239813247310445
v 13.438879483862667 0 17.8655295841017
v 13.609040092230638 0 2.2681733487051066
v 15.06305654939886 0 2.5105094248998103
v 16.570095056683947 0 2.7616825094473247
v 18.16832603015492 0 3.0280543383591536
v 19.563620017382558 0 2.6622758862926967
v 19.563620017382558 0 3.2606033362304268
v 19.563620017382558 0 16.646433705111797
v 19.907215298510533 0 3.3178692164184223
v 20.334898147791026 0 1.781557957544927
v 20.334898147791026 0 3.3891496912985044
v 20.334898147791026 0 11.917084791536295
v 20.736902746541997 0 3.4561504577569995
v 104.26309725345821 30 3.4970894992315076
v 102.82358116681796 30 3.8169819629293418
v 101.39095990776909 30 4.135342242717979
v 99.93694345060146 30 4.45845701097745
v 98.42990494331595 30 4.7933544570408975
v 96.83167396984483 30 5.148516895590034
v 95.09278470148999 30 5.534936733002219
v 93.14474751725862 30 5.9678338850536345
v 90.88644480856803 30 6.469678931429323
v 88.1582274177841 30 7.0759494627146395
v 84.68797928450715 30 7.847115714553963
v 79.96547755494687 30 8.896560543345135
v 72.90157716299342 30 10.466316186001457
v 60.66966646951702 30 13.184518562329547
v 32.913251967704284 30 19.352610673843493
v 30 85.18425688388528 18.394752294628425
v 30 73.133081134614 14.377693711537999
v 30 62.77871333280802 10.92623777760267
v 30 53.63191089407826 7.877303631359419
v 30 45.35042976233544 5.116809920778479
v 30 37.682351524030665 2.560783841343555
v 30 30.432140107577442 0.14404670252581456
v 24.686646264558398 90 3.5422358236277343
v 24.686646264558398 90 7.765498780919252
v 19.017463004610665 90 6.1783565001202305
v 19.01746300461067 90 7.321691330259555
v 19.01746300461067 90 8.68484270592473
v 19.01746300461067 90 16.051044574770494
v 17.081901229126444 90 8.287759235684195
v 17.081901229126444 90 8.612065847249037
v 17.081901229126444 90 8.998723361774376
v 17.081901229126444 90 18.879879874716394
v 16.315486267290026 90 9.123009155139982
v 15.138525106812775 90 2.2372021867905527
v 15.138525106812775 90 9.907649928791482
v 15.138525106812775 90 10.854838743780572
v 13.14791484402856 90 6.0210123773857465
v 13.147914844028554 90 11.234723437314297
v 13.147914844028554 90 13.783905452441916
v 11.065081063859402 90 9.980123726333055
v 11.0650810638594 90 12.6232792907604
v 11.0650810638594 90 16.848673679164374
v 8.923421914517466 90 14.051052056988357
v 8.834789301435599 90 13.52723238722778
v 8.834789301435597 90 14.110140465709604
v 8.834789301435599 90 0.2237848152389592
v 8.834789301435597 90 14.12078138008824
v 8.834789301435597 90 14.367573563362852
v 7.257592608583091 90 4.205983446565442
v 7.25759260858308 90 15.16160492761128
v 7.25759260858308 90 15.361598433359529
v 6.384531970129038 90 6.410338106496168
v 6.384531970129039 90 15.743645353247308
v 6.3845319701290375 90 2.8271789174478137
v 6.384531970129039 90 15.91402371468784
v 6.384531970129039 90 16.048455395235617
v 3.613011672163377 90 13.408034961472087
v 3.61301167216337 90 17.591325551891085
v 3.613011672163377 90 11.802023745593917
v 3.61301167216337 90 17.667691000641668
v 3.61301167216337 90 18.228874403713018
v 1.3617422962906538 90 19.092171802472897
v 0.36979492990052276 90 5.184672865472381
v 0.36979492990052276 90 19.753470046732986
v 0 87.3423010896506 0.5905997578554213
v 0 87.3423010896506 2.9119021975607553
v 0 87.3423010896506 5.752608331865235
v 0 84.81298198030312 1.152670671043751
v 0 84.81298198030312 5.683145337316226
v 0 84.81298198030312 11.227337664717107
v 0 82.6188482200557 1.6402559510987338
v 0 82.6188482200557 8.087143357305166
v 0 82.6188482200557 15.976555908090944
v 0 80.76002134326549 2.0533285903854477
v 0 80.76002134326549 10.123763098665872
v 0 80.67111509003692 0.04000905478327699
v 0 80.6711150900369 2.073085535547355
v 0 80.6711150900369 10.063920838362503
v 0 80.6711150900369 10.221173047228922
v 0 78.9055687135084 0.8345295652735834
v 0 78.9055687135084 2.4654291747759127
v 0 78.9055687135084 8.875542270993941
v 0 78.9055687135084 12.155590205503977
v 0 77.27366079296829 1.5689109054285213
v 0 77.27366079296829 2.8280753793403814
v 0 77.27366079296829 7.777114938542871
v 0 77.27366079296829 13.943586671745077
v 0 75.73690274654221 2.260473474261902
v 0 75.7369027465422 3.169577167435066
v 0 75.7369027465422 6.742732409778723
v 0 75.7369027465422 15.627332379387704
v 0 74.26309725345821 2.9237065154867494
v 0 74.26309725345821 3.4970894992315076
v 0 74.26309725345821 5.750722863195859
v 0 74.26309725345821 17.242104254928783
v 0 72.82358116681796 3.571508845247839
v 0 72.82358116681795 3.8169819629293458
v 0 72.82358116681795 4.78179330830691
v 0 72.82358116681795 18.819307014725528
v 0 71.74596033770847 4.056453258287008
v 0 71.39095990776953 3.876324121407184
v 0 71.39095990776954 4.135342242717881
v 0 71.39095990776953 0.18675078674269185
v 0 71.39095990776954 4.480394957427904
v 0 71.39095990776954 5.498443794951456
v 0 69.93694345060105 3.138548312279657
v 0 69.93694345060105 4.458457010977546
v 0 69.93694345060105 0.9516476556274509
v 0 69.93694345060105 6.216782171203629
v 0 69.93694345060105 11.404571772745868
v 0 68.42990494331598 2.373868828346033
v 0 68.42990494331598 4.793354457040896
v 0 68.42990494331598 1.744437193756831
v 0 68.42990494331598 8.016488344965468
v 0 68.42990494331598 17.526072150274576
v 0 67.82085417081788 2.0648331745443116
v 0 67.82085417081787 4.928699073151584
v 0 67.82085417081787 8.743817096089346
v 0 66.83167396984483 2.585199250703109
v 0 66.83167396984483 5.148516895590036
v 0 66.83167396984483 0.7370598833426101
v 0 66.83167396984483 8.563257561442553
v 0 66.83167396984483 9.925096609551302
v 0 65.09278470148989 3.4999557172785627
v 0 65.09278470148989 5.534936733002244
v 0 65.09278470148989 2.0327444512491066
v 0 65.09278470148989 8.245850240928434
v 0 65.09278470148989 12.001679083468545
v 0 63.144747517258715 4.524736100845331
v 0 63.144747517258715 5.967833885053618
v 0 63.144747517258715 3.4842697227255455
v 0 63.144747517258715 7.890266205670313
v 0 63.144747517258715 14.328026107934658
v 0 60.88644480856804 5.7127341199566875
v 0 60.886444808568044 6.469678931429323
v 0 60.88644480856804 5.1669806477749125
v 0 60.886444808568044 7.478048001371767
v 0 60.886444808568044 17.024892384016404
v 0 58.39514828140633 7.0233003819097055
v 0 58.158227417784026 6.548038829077926
v 0 58.158227417784026 7.075949462714662
v 0 58.158227417784026 0.24489972440817276
v 0 58.158227417784026 7.378514984413309
v 0 58.158227417784026 8.353916483051313
v 0 56.08460140177107 2.3883599164863334
v 0 56.08460140177107 7.536755244050875
v 0 56.08460140177107 10.487495045339564
v 0 54.687979284507136 3.8320165298842923
v 0 54.68797928450713 7.847115714553973
v 0 54.687979284507136 1.9693969478099005
v 0 54.68797928450713 10.148320695238908
v 0 54.68797928450713 12.581445584970075
v 0 49.965477554947064 8.713559482260646
v 0 49.96547755494706 8.8965605433451
v 0 49.965477554947064 8.628664603145888
v 0 49.96547755494706 9.001445362839991
v 0 49.96547755494706 19.661875518580757
v 0 49.73995545201247 8.946676566219454
v 0 45.196960329769965 7.638487103232567
v 0 45.19696032976996 9.9562310378289
v 0 45.19696032976996 17.13650391224528
v 0 43.60854482238532 10.309212261692153
v 0 42.90157716299341 1.733902525220861
v 0 42.90157716299341 10.466316186001464
v 0 42.90157716299341 11.79142255667995
v 0 38.98634408057246 11.33636798209501
v 0 35.335162587833345 12.147741647148147
v 0 34.88221973372777 1.9391061565417775
v 0 34.88221973372777 12.248395614727162
v 0 34.88221973372777 13.33611080879315
v 0 32.34230108965061 12.812821980077644
v 0 30.66966646951643 3.663199960864537
v 0 30.66966646951643 13.184518562329684
v 0 30.66966646951643 17.945177863062256
v 0 30 0
v 0 30 13.333333333333334
v 0 30 20
v 19.998905619698228 70.02227662280217 0
v 19.977018013662757 70.46780907884563 20
v 19.97265103193622 70.51214778839474 0
v 19.90719900344092 70.9533895233337 20
v 19.898507096409105 70.99708669081663 0
v 19.790120984268093 71.42978830553632 20
v 19.777187859747198 71.4724231033429 0
v 19.62691148147028 71.89241744475486 20
v 19.609861692519402 71.93357927647565 0
v 19.419142291778805 72.33682156947978 20
v 19.39814003718591 72.37611402417399 0
v 19.168814346068594 72.75872082505401 20
v 19.144061889026407 72.79576549490348 0
v 18.878338439300006 73.15405209101276 20
v 18.850074159500913 73.18849221559616 0
v 18.55051201324551 73.5190081111548 20
v 18.519008111154804 73.55051201324551 0
v 18.188492215596163 73.8500741595009 20
v 18.154052091012765 73.8783384393 0
v 17.795765494903474 74.1440618890264 20
v 17.75872082505401 74.16881434606859 0
v 17.37611402417399 74.39814003718591 20
v 17.336821569479785 74.41914229177881 0
v 16.933579276475655 74.6098616925194 20
v 16.89241744475485 74.62691148147029 0
v 16.47242310334291 74.7771878597472 20
v 16.429788305536324 74.7901209842681 0
v 15.997086690816626 74.8985070964091 20
v 15.953389523333694 74.90719900344092 0
v 15.512147788394751 74.97265103193621 20
v 15.467809078845631 74.97701801366276 0
v 15.022276622802172 74.99890561969822 20
v 14.977723377197828 74.99890561969822 0
v 14.532190921154369 74.97701801366277 20
v 14.487852211605249 74.97265103193622 0
v 14.046610476666306 74.90719900344092 20
v 14.002913309183374 74.8985070964091 0
v 13.570211694463675 74.7901209842681 20
v 13.527576896657093 74.7771878597472 0
v 13.107582555245148 74.62691148147029 20
v 13.066420723524345 74.6098616925194 0
v 12.663178430520217 74.41914229177881 20
v 12.62388597582601 74.39814003718591 0
v 12.24127917494599 74.16881434606859 20
v 12.204234505096526 74.1440618890264 0
v 11.845947908987238 73.87833843930001 20
v 11.811507784403842 73.85007415950092 0
v 11.480991888845194 73.55051201324551 20
v 11.449487986754493 73.5190081111548 0
v 11.149925840499085 73.18849221559616 20
v 11.121661560699996 73.15405209101276 0
v 10.855938110973593 72.79576549490348 20
v 10.831185653931408 72.75872082505401 0
v 10.60185996281409 72.37611402417399 20
v 10.580857708221195 72.33682156947978 0
v 10.390138307480596 71.93357927647565 20
v 10.37308851852972 71.89241744475486 0
v 10.222812140252802 71.4724231033429 20
v 10.209879015731905 71.42978830553632 0
v 10.101492903590898 70.99708669081663 20
v 10.092800996559083 70.9533895233337 0
v 10.02734896806378 70.51214778839474 20
v 10.022981986337241 70.46780907884563 0
v 10.001094380301774 70.02227662280217 20
v 10.001094380301774 69.97772337719783 0
v 10.022981986337241 69.53219092115437 20
v 10.02734896806378 69.48785221160526 0
v 10.092800996559083 69.0466104766663 20
v 10.101492903590898 69.00291330918337 0
v 10.209879015731905 68.57021169446368 20
v 10.222812140252802 68.5275768966571 0
v 10.37308851852972 68.10758255524514 20
v 10.390138307480596 68.06642072352435 0
v 10.580857708221194 67.66317843052022 20
v 10.601859962814089 67.62388597582601 0
v 10.831185653931406 67.24127917494599 20
v 10.855938110973591 67.20423450509652 0
v 11.121661560699996 66.84594790898724 20
v 11.149925840499085 66.81150778440384 0
v 11.449487986754493 66.4809918888452 20
v 11.480991888845194 66.44948798675449 0
v 11.811507784403839 66.1499258404991 20
v 11.845947908987235 66.1216615607 0
v 12.204234505096526 65.8559381109736 20
v 12.24127917494599 65.83118565393141 0
v 12.62388597582601 65.60185996281409 20
v 12.663178430520217 65.58085770822119 0
v 13.066420723524342 65.3901383074806 20
v 13.107582555245145 65.37308851852971 0
v 13.527576896657092 65.22281214025281 20
v 13.570211694463673 65.20987901573191 0
v 14.002913309183372 65.1014929035909 20
v 14.046610476666304 65.09280099655908 0
v 14.48785221160525 65.02734896806378 20
v 14.53219092115437 65.02298198633723 0
v 14.977723377197826 65.00109438030178 20
v 15.02227662280217 65.00109438030178 0
v 15.467809078845628 65.02298198633723 20
v 15.512147788394747 65.02734896806378 0
v 15.953389523333694 65.09280099655908 20
v 15.997086690816626 65.1014929035909 0
v 16.429788305536324 65.2098790157319 20
v 16.47242310334291 65.2228121402528 0
v 16.89241744475485 65.37308851852971 20
v 16.933579276475655 65.3901383074806 0
v 17.33682156947978 65.58085770822119 20
v 17.376114024173987 65.60185996281409 0
v 17.75872082505401 65.83118565393141 20
v 17.795765494903474 65.8559381109736 0
v 18.154052091012765 66.1216615607 20
v 18.188492215596163 66.1499258404991 0
v 18.519008111154804 66.44948798675449 20
v 18.55051201324551 66.4809918888452 0
v 18.850074159500913 66.81150778440384 20
v 18.878338439300006 66.84594790898724 0
v 19.144061889026407 67.20423450509652 20
v 19.168814346068594 67.24127917494599 0
v 19.398140037185907 67.62388597582601 20
v 19.419142291778805 67.66317843052022 0
v 19.609861692519402 68.06642072352435 20
v 19.626911481470277 68.10758255524514 0
v 19.777187859747198 68.5275768966571 20
v 19.790120984268093 68.57021169446368 0
v 19.8985070964091 69.00291330918337 20
v 19.907199003440915 69.0466104766663 0
v 19.97265103193622 69.48785221160526 20
v 19.977018013662757 69.53219092115437 0
v 19.998905619698228 69.97772337719783 20
v 0 29.812981980302823 13.37489289326604
v 0 27.618848220055565 13.862478173320985
v 0 25.67111509003679 14.295307757769603
v 0 24.912684976946668 6.309410649387072
v 0 24.912684976946668 14.463847782900741
v 0 24.912684976946668 16.74588647942695
v 0 23.905568713508632 14.687651396998081
v 0 22.27366079296851 15.050297601562553
v 0 20.736902746541997 15.391799389657335
v 0 19.263097253458003 15.719311721453778
v 0 17.82358116681816 16.039204185151522
v 0 16.390959907769307 16.357564464940154
v 0 15.087315023053332 14.955595618429646
v 0 15.087315023053332 16.64726332821037
v 0 15.087315023053332 19.623306355122395
v 0 14.93694345060114 16.680679233199747
v 0 13.429904943316076 17.015576679263095
v 0 11.831673969845047 17.370739117812214
v 0 10.092784701489466 17.757158955224565
v 0 8.144747517258942 18.190056107275794
v 0 5.886444808568292 18.691901153651493
v 0 5.215022226058892 4.74933863928031
v 0 5.215022226058892 18.841106171986915
v 0 5.215022226058892 19.01382825101534
v 0 3.158227417783618 19.298171684936975
v 0 2.9132519677059694 1.551347750945481
v 0 2.9132519677059694 19.35261067384312
v 19.998905619698228 15.022276622802172 0
v 19.977018013662757 15.467809078845631 20
v 19.97265103193622 15.512147788394751 0
v 19.90719900344092 15.953389523333694 20
v 19.88173564865692 16.06404206342115 2.9473900424164694
v 19.88173564865692 16.06404206342115 3.0947595445373857
v 19.790120984268093 16.429788305536324 20
v 19.881735648656917 16.064042063421148 3.8997709947966097
v 19.898507096409105 15.997086690816626 0
v 19.777187859747198 16.47242310334291 0
v 19.62691148147028 16.89241744475485 20
v 19.609861692519402 16.933579276475655 0
v 19.419142291778805 17.336821569479785 20
v 19.39814003718591 17.37611402417399 0
v 19.168814346068594 17.75872082505401 20
v 19.144061889026407 17.795765494903474 0
v 18.878338439300006 18.154052091012765 20
v 18.850074159500913 18.188492215596163 0
v 18.55051201324551 18.519008111154804 20
v 18.519008111154804 18.55051201324551 0
v 18.188492215596163 18.850074159500913 20
v 18.154052091012765 18.878338439300006 0
v 17.795765494903474 19.144061889026407 20
v 17.46539366793601 19.344627878067616 14.602939446589371
v 17.46539366793601 19.344627878067616 15.333086418920335
v 17.37611402417399 19.39814003718591 20
v 17.465393667936006 19.344627878067616 15.555320398972325
v 17.75872082505401 19.168814346068594 0
v 17.336821569479785 19.419142291778805 0
v 16.933579276475655 19.609861692519402 20
v 16.89241744475485 19.62691148147028 0
v 16.47242310334291 19.777187859747198 20
v 16.429788305536324 19.790120984268093 0
v 15.997086690816626 19.898507096409105 20
v 15.953389523333694 19.90719900344092 0
v 15.512147788394751 19.97265103193622 20
v 15.467809078845631 19.977018013662757 0
v 15.022276622802172 19.998905619698228 20
v 14.977723377197828 19.998905619698228 0
v 14.532190921154369 19.977018013662757 20
v 14.487852211605249 19.97265103193622 0
v 14.046610476666306 19.90719900344092 20
v 14.002913309183374 19.898507096409105 0
v 13.570211694463675 19.790120984268093 20
v 13.527576896657093 19.777187859747198 0
v 13.107582555245148 19.62691148147028 20
v 13.066420723524345 19.609861692519402 0
v 12.663178430520217 19.419142291778805 20
v 12.489856536385057 19.317805882750683 6.672494314699142
v 12.489856536385057 19.317805882750687 7.006119030434235
v 12.24127917494599 19.168814346068594 20
v 12.489856536385057 19.317805882750683 7.62487526708128
v 12.62388597582601 19.39814003718591 0
v 12.204234505096526 19.144061889026407 0
v 11.845947908987238 18.878338439300006 20
v 11.811507784403842 18.850074159500913 0
v 11.480991888845194 18.55051201324551 20
v 11.449487986754493 18.519008111154804 0
v 11.149925840499085 18.188492215596163 20
v 11.121661560699996 18.154052091012765 0
v 10.855938110973593 17.795765494903474 20
v 10.831185653931408 17.75872082505401 0
v 10.60185996281409 17.37611402417399 20
v 10.580857708221195 17.336821569479785 0
v 10.390138307480596 16.933579276475655 20
v 10.37308851852972 16.89241744475485 0
v 10.222812140252802 16.47242310334291 20
v 10.209879015731905 16.429788305536327 0
v 10.101492903590898 15.997086690816628 20
v 10.037476882558538 15.58042464192728 16.10022900520315
v 10.092800996559083 15.953389523333696 0
v 10.03747688255854 15.58042464192728 16.905240455462515
v 10.037476882558538 15.58042464192728 17.052609957583368
v 10.02734896806378 15.512147788394751 20
v 10.022981986337241 15.467809078845631 0
v 10.001094380301774 15.022276622802172 20
v 10.001094380301774 14.977723377197828 0
v 10.022981986337241 14.532190921154369 20
v 10.02734896806378 14.487852211605249 0
v 10.092800996559083 14.046610476666306 20
v 10.101492903590898 14.002913309183374 0
v 10.209879015731905 13.570211694463675 20
v 10.222812140252802 13.527576896657093 0
v 10.37308851852972 13.107582555245148 20
v 10.390138307480596 13.066420723524345 0
v 10.580857708221194 12.663178430520219 20
v 10.601859962814089 12.623885975826012 0
v 10.831185653931406 12.24127917494599 20
v 10.855938110973591 12.204234505096526 0
v 11.121661560699996 11.845947908987238 20
v 11.149925840499085 11.811507784403842 0
v 11.449487986754493 11.480991888845194 20
v 11.480991888845194 11.449487986754493 0
v 11.811507784403839 11.149925840499085 20
v 11.845947908987235 11.121661560699996 0
v 12.204234505096526 10.855938110973593 20
v 12.24127917494599 10.831185653931408 0
v 12.62388597582601 10.60185996281409 20
v 12.925162548379731 10.456948448630687 12.375124732919074
v 12.663178430520217 10.580857708221195 0
v 12.925162548379731 10.456948448630685 12.993880969565566
v 12.925162548379733 10.456948448630685 13.327505685300437
v 13.066420723524342 10.390138307480598 20
v 13.107582555245145 10.373088518529721 0
v 13.527576896657092 10.222812140252802 20
v 13.570211694463673 10.209879015731905 0
v 14.002913309183372 10.1014929035909 20
v 14.046610476666304 10.092800996559085 0
v 14.48785221160525 10.02734896806378 20
v 14.53219092115437 10.022981986337241 0
v 14.977723377197826 10.001094380301774 20
v 15.02227662280217 10.001094380301774 0
v 15.467809078845628 10.022981986337241 20
v 15.512147788394747 10.02734896806378 0
v 15.953389523333694 10.092800996559083 20
v 15.997086690816626 10.101492903590898 0
v 16.429788305536324 10.209879015731905 20
v 16.47242310334291 10.222812140252802 0
v 16.89241744475485 10.37308851852972 20
v 16.933579276475655 10.390138307480596 0
v 17.33682156947978 10.580857708221194 20
v 17.376114024173987 10.601859962814089 0
v 17.75872082505401 10.831185653931406 20
v 17.795765494903474 10.855938110973591 0
v 18.154052091012765 11.121661560699996 20
v 18.188492215596163 11.149925840499085 0
v 18.519008111154804 11.449487986754493 20
v 18.620413545682347 11.558116344932465 4.4446796010283345
v 18.55051201324551 11.480991888845194 0
v 18.620413545682347 11.558116344932465 4.66691358107985
v 18.620413545682347 11.558116344932463 5.39706055341016
v 18.850074159500913 11.811507784403839 20
v 18.878338439300006 11.845947908987235 0
v 19.144061889026407 12.204234505096526 20
v 19.168814346068594 12.24127917494599 0
v 19.398140037185907 12.62388597582601 20
v 19.419142291778805 12.663178430520217 0
v 19.609861692519402 13.066420723524342 20
v 19.626911481470277 13.107582555245145 0
v 19.777187859747198 13.527576896657092 20
v 19.790120984268093 13.570211694463673 0
v 19.8985070964091 14.002913309183372 20
v 19.907199003440915 14.046610476666304 0
v 19.97265103193622 14.48785221160525 20
v 19.977018013662757 14.53219092115437 0
v 19.998905619698228 14.977723377197828 20
v 104.99890561969822 15.022276622802172 0
v 104.97701801366277 15.467809078845631 20
v 104.97265103193622 15.512147788394751 0
v 104.90719900344092 15.953389523333694 20
v 104.8985070964091 15.997086690816626 0
v 104.79012098426809 16.429788305536324 20
v 104.77718785974719 16.47242310334291 0
v 104.62691148147029 16.89241744475485 20
v 104.6098616925194 16.933579276475655 0
v 104.41914229177881 17.336821569479785 20
v 104.39814003718591 17.37611402417399 0
v 104.16881434606859 17.75872082505401 20
v 104.1440618890264 17.795765494903474 0
v 103.87833843930001 18.154052091012765 20
v 103.85007415950092 18.188492215596163 0
v 103.55051201324551 18.519008111154804 20
v 103.5190081111548 18.55051201324551 0
v 103.18849221559616 18.850074159500913 20
v 103.15405209101276 18.878338439300006 0
v 102.79576549490348 19.144061889026407 20
v 102.75872082505401 19.168814346068594 0
v 102.37611402417399 19.39814003718591 20
v 102.33682156947978 19.419142291778805 0
v 101.93357927647565 19.609861692519402 20
v 101.89241744475486 19.62691148147028 0
v 101.4724231033429 19.777187859747198 20
v 101.42978830553632 19.790120984268093 0
v 100.99708669081663 19.898507096409105 20
v 100.9533895233337 19.90719900344092 0
v 100.51214778839474 19.97265103193622 20
v 100.46780907884563 19.977018013662757 0
v 100.02227662280217 19.998905619698228 20
v 99.97772337719783 19.998905619698228 0
v 99.53219092115437 19.977018013662757 20
v 99.48785221160526 19.97265103193622 0
v 99.0466104766663 19.90719900344092 20
v 99.00291330918337 19.898507096409105 0
v 98.57021169446368 19.790120984268093 20
v 98.5275768966571 19.777187859747198 0
v 98.10758255524514 19.62691148147028 20
v 98.06642072352435 19.609861692519402 0
v 97.66317843052022 19.419142291778805 20
v 97.62388597582601 19.39814003718591 0
v 97.24127917494599 19.168814346068594 20
v 97.20423450509652 19.144061889026407 0
v 96.84594790898724 18.878338439300006 20
v 96.81150778440384 18.850074159500913 0
v 96.4809918888452 18.55051201324551 20
v 96.44948798675449 18.519008111154804 0
v 96.14992584049908 18.188492215596163 20
v 96.12166156069999 18.154052091012765 0
v 95.8559381109736 17.795765494903474 20
v 95.83118565393141 17.75872082505401 0
v 95.60185996281409 17.37611402417399 20
v 95.58085770822119 17.336821569479785 0
v 95.3901383074806 16.933579276475655 20
v 95.37308851852971 16.89241744475485 0
v 95.22281214025281 16.47242310334291 20
v 95.20987901573191 16.429788305536327 0
v 95.1014929035909 15.997086690816628 20
v 95.09280099655908 15.953389523333696 0
v 95.02734896806379 15.512147788394751 20
v 95.02298198633724 15.467809078845631 0
v 95.00109438030178 15.022276622802172 20
v 95.00109438030178 14.977723377197828 0
v 95.02298198633723 14.532190921154369 20
v 95.02734896806378 14.487852211605249 0
v 95.09280099655908 14.046610476666306 20
v 95.1014929035909 14.002913309183374 0
v 95.2098790157319 13.570211694463675 20
v 95.2228121402528 13.527576896657093 0
v 95.37308851852971 13.107582555245148 20
v 95.3901383074806 13.066420723524345 0
v 95.58085770822119 12.663178430520219 20
v 95.60185996281409 12.623885975826012 0
v 95.83118565393141 12.24127917494599 20
v 95.8559381109736 12.204234505096526 0
v 96.12166156069999 11.845947908987238 20
v 96.14992584049908 11.811507784403842 0
v 96.44948798675449 11.480991888845194 20
v 96.4809918888452 11.449487986754493 0
v 96.81150778440384 11.149925840499085 20
v 96.84594790898724 11.121661560699996 0
v 97.20423450509652 10.855938110973593 20
v 97.24127917494599 10.831185653931408 0
v 97.62388597582601 10.60185996281409 20
v 97.66317843052022 10.580857708221195 0
v 98.06642072352435 10.390138307480598 20
v 98.10758255524514 10.373088518529721 0
v 98.5275768966571 10.222812140252802 20
v 98.57021169446368 10.209879015731905 0
v 99.00291330918337 10.1014929035909 20
v 99.0466104766663 10.092800996559085 0
v 99.48785221160526 10.02734896806378 20
v 99.53219092115437 10.022981986337241 0
v 99.97772337719783 10.001094380301774 20
v 100.02227662280217 10.001094380301774 0
v 100.46780907884563 10.022981986337241 20
v 100.51214778839474 10.02734896806378 0
v 100.9533895233337 10.092800996559083 20
v 100.99708669081663 10.101492903590898 0
v 101.42978830553632 10.209879015731905 20
v 101.4724231033429 10.222812140252802 0
v 101.89241744475486 10.37308851852972 20
v 101.93357927647565 10.390138307480596 0
v 102.33682156947978 10.580857708221194 20
v 102.37611402417399 10.601859962814089 0
v 102.75872082505401 10.831185653931406 20
v 102.79576549490348 10.855938110973591 0
v 103.15405209101276 11.121661560699996 20
v 103.18849221559616 11.149925840499085 0
v 103.5190081111548 11.449487986754493 20
v 103.55051201324551 11.480991888845194 0
v 103.8500741595009 11.811507784403839 20
v 103.8783384393 11.845947908987235 0
v 104.1440618890264 12.204234505096526 20
v 104.16881434606859 12.24127917494599 0
v 104.39814003718591 12.62388597582601 20
v 104.41914229177881 12.663178430520217 0
v 104.6098616925194 13.066420723524342 20
v 104.62691148147029 13.107582555245145 0
v 104.77718785974719 13.527576896657092 20
v 104.79012098426809 13.570211694463673 0
v 104.8985070964091 14.002913309183372 20
v 104.90719900344092 14.046610476666304 0
v 104.97265103193622 14.48785221160525 20
v 104.97701801366277 14.53219092115437 0
v 104.99890561969822 14.977723377197828 20
f 1 2 3
f 1 3 4
f 1 4 5
f 6 7 3
f 6 3 2
f 8 9 2
f 6 10 11
f 6 11 7
f 10 6 2
f 10 2 9
f 12 13 9
f 10 14 15
f 10 15 11
f 14 10 9
f 14 9 13
f 16 17 13
f 14 18 19
f 14 19 15
f 18 14 13
f 18 13 17
f 20 21 17
f 18 22 23
f 18 23 19
f 22 18 17
f 22 17 21
f 24 25 21
f 22 26 27
f 22 27 23
f 26 22 21
f 26 21 25
f 28 29 25
f 26 30 31
f 26 31 27
f 30 26 25
f 30 25 29
f 32 33 29
f 30 34 35
f 30 35 31
f 34 30 29
f 34 29 33
f 36 37 33
f 34 38 39
f 34 39 35
f 38 34 33
f 38 33 37
f 40 41 42
f 40 42 43
f 44 45 37
f 38 46 47
f 38 47 39
f 46 38 37
f 46 37 45
f 48 40 49
f 48 49 50
f 51 40 48
f 40 51 52
f 40 52 41
f 49 40 43
f 49 43 53
f 54 55 45
f 46 56 57
f 46 57 47
f 56 46 45
f 56 45 55
f 58 49 59
f 58 59 60
f 50 49 58
f 59 49 53
f 59 53 61
f 62 63 55
f 56 64 65
f 56 65 57
f 64 56 55
f 64 55 63
f 66 59 67
f 60 59 66
f 68 67 59
f 68 59 61
f 69 68 61
f 69 61 70
f 71 72 63
f 64 73 74
f 64 74 65
f 73 64 63
f 73 63 72
f 75 69 70
f 76 75 70
f 76 70 77
f 78 79 72
f 73 80 81
f 73 81 74
f 80 73 72
f 80 72 79
f 82 83 84
f 84 83 76
f 84 76 77
f 84 77 85
f 86 87 79
f 80 88 89
f 80 89 81
f 88 80 79
f 88 79 87
f 90 82 84
f 91 90 84
f 91 84 92
f 92 84 85
f 92 85 93
f 94 95 87
f 88 96 97
f 88 97 98
f 88 98 89
f 96 88 87
f 96 87 95
f 99 91 92
f 100 99 92
f 100 92 98
f 101 100 98
f 101 98 97
f 92 93 98
f 102 103 95
f 96 104 105
f 96 105 97
f 106 104 96
f 107 106 96
f 107 96 95
f 108 107 95
f 108 95 103
f 101 97 105
f 109 110 103
f 111 108 103
f 112 111 103
f 112 103 110
f 113 114 115
f 113 115 116
f 114 113 117
f 114 117 110
f 118 116 115
f 112 110 117
f 119 120 115
f 121 118 115
f 121 115 120
f 122 121 120
f 122 120 123
f 122 123 124
f 125 126 120
f 120 126 127
f 120 127 123
f 128 129 126
f 126 129 130
f 126 130 127
f 131 132 129
f 129 132 133
f 129 133 130
f 134 135 132
f 132 135 136
f 132 136 133
f 137 138 135
f 135 138 139
f 135 139 136
f 140 141 138
f 138 141 142
f 138 142 139
f 143 144 141
f 141 144 145
f 141 145 142
f 146 147 144
f 144 147 148
f 144 148 145
f 149 150 147
f 147 150 151
f 147 151 148
f 152 153 150
f 150 153 154
f 150 154 151
f 155 156 153
f 153 156 157
f 153 157 154
f 158 159 156
f 156 159 160
f 156 160 157
f 161 162 159
f 159 162 163
f 159 163 160
f 164 165 162
f 162 165 166
f 162 166 163
f 167 168 165
f 165 168 169
f 165 169 166
f 170 171 168
f 168 171 172
f 168 172 169
f 173 174 171
f 171 174 175
f 171 175 172
f 176 177 174
f 174 177 178
f 174 178 175
f 179 180 177
f 177 180 181
f 177 181 178
f 182 183 1
f 182 1 180
f 180 1 5
f 180 5 181
f 184 185 183
f 186 187 185
f 188 189 187
f 190 191 189
f 192 193 191
f 194 195 193
f 196 197 195
f 198 199 197
f 200 201 199
f 202 203 201
f 204 205 203
f 206 207 205
f 208 209 207
f 210 211 209
f 212 213 211
f 214 215 213
f 216 217 215
f 218 219 217
f 220 221 219
f 222 223 221
f 224 225 223
f 226 227 225
f 228 229 227
f 230 231 229
f 232 48 50
f 232 50 233
f 234 51 48
f 234 48 232
f 51 234 235
f 51 235 52
f 236 58 237
f 233 50 58
f 233 58 236
f 238 232 233
f 238 233 239
f 234 232 238
f 234 238 240
f 234 240 241
f 234 241 235
f 240 242 241
f 243 236 244
f 239 233 236
f 239 236 243
f 238 239 245
f 238 245 240
f 246 245 247
f 240 245 246
f 240 246 248
f 240 248 242
f 249 243 250
f 239 243 249
f 239 249 251
f 239 251 245
f 252 245 251
f 247 245 252
f 253 246 247
f 253 247 254
f 246 253 255
f 246 255 248
f 256 249 257
f 249 256 258
f 249 258 251
f 259 252 251
f 259 251 258
f 254 247 252
f 254 252 259
f 260 261 262
f 253 254 263
f 253 263 260
f 253 260 262
f 253 262 255
f 261 264 262
f 265 266 258
f 267 259 258
f 267 258 266
f 263 254 259
f 263 259 267
f 260 268 269
f 260 269 261
f 263 268 260
f 261 269 270
f 261 270 264
f 271 272 266
f 273 268 274
f 268 273 275
f 268 275 269
f 276 267 266
f 276 266 272
f 263 267 276
f 263 276 274
f 263 274 268
f 277 269 275
f 278 269 277
f 269 278 279
f 269 279 270
f 280 281 272
f 282 273 274
f 282 274 283
f 273 282 284
f 273 284 275
f 285 276 272
f 285 272 281
f 276 285 283
f 276 283 274
f 286 277 275
f 286 275 284
f 287 278 277
f 287 277 286
f 278 287 288
f 278 288 279
f 289 290 281
f 291 282 283
f 291 283 292
f 282 291 293
f 282 293 284
f 294 285 281
f 294 281 290
f 285 294 292
f 285 292 283
f 295 296 297
f 298 286 284
f 298 284 293
f 287 286 298
f 287 298 295
f 287 295 297
f 287 297 288
f 296 299 297
f 300 301 290
f 302 291 292
f 302 292 303
f 291 302 304
f 291 304 293
f 305 294 290
f 305 290 301
f 294 305 303
f 294 303 292
f 295 306 307
f 295 307 296
f 308 298 293
f 308 293 304
f 298 308 306
f 298 306 295
f 309 310 311
f 296 307 309
f 296 309 311
f 296 311 299
f 312 313 301
f 314 302 303
f 314 303 315
f 302 314 316
f 302 316 304
f 317 305 301
f 317 301 313
f 305 317 315
f 305 315 303
f 318 319 320
f 321 319 318
f 322 320 319
f 306 323 322
f 306 322 319
f 306 319 307
f 324 308 304
f 324 304 316
f 308 324 323
f 308 323 306
f 325 319 321
f 326 319 325
f 327 319 326
f 309 319 327
f 309 327 328
f 309 328 310
f 307 319 309
f 329 330 313
f 331 314 315
f 331 315 332
f 314 331 333
f 314 333 316
f 334 317 313
f 334 313 330
f 317 334 332
f 317 332 315
f 335 318 320
f 335 320 336
f 337 321 318
f 337 318 335
f 322 338 336
f 322 336 320
f 323 339 338
f 323 338 322
f 340 324 316
f 340 316 333
f 324 340 339
f 324 339 323
f 341 325 321
f 341 321 337
f 342 326 325
f 342 325 341
f 343 327 326
f 343 326 342
f 327 343 344
f 327 344 328
f 345 331 332
f 345 332 346
f 331 345 347
f 331 347 333
f 348 334 349
f 334 348 346
f 334 346 332
f 350 335 336
f 350 336 351
f 352 337 335
f 352 335 350
f 338 353 351
f 338 351 336
f 339 354 353
f 339 353 338
f 355 340 333
f 355 333 347
f 340 355 354
f 340 354 339
f 356 341 337
f 356 337 352
f 357 342 341
f 357 341 356
f 343 342 357
f 343 357 358
f 343 358 359
f 343 359 344
f 358 360 359
f 361 345 346
f 361 346 362
f 345 361 363
f 345 363 347
f 364 348 365
f 348 364 362
f 348 362 346
f 366 367 350
f 366 350 351
f 366 351 368
f 369 352 350
f 369 350 367
f 353 370 368
f 353 368 351
f 354 371 370
f 354 370 353
f 372 355 347
f 372 347 363
f 355 372 371
f 355 371 354
f 373 356 352
f 373 352 369
f 374 357 356
f 374 356 373
f 357 374 358
f 375 367 366
f 376 377 369
f 376 369 367
f 376 367 375
f 378 379 373
f 378 373 369
f 378 369 377
f 380 374 373
f 380 373 379
f 381 374 380
f 382 374 381
f 358 374 382
f 358 382 383
f 358 383 360
f 384 361 362
f 384 362 385
f 361 384 386
f 361 386 363
f 387 364 388
f 364 387 385
f 364 385 362
f 366 368 389
f 370 390 389
f 370 389 368
f 371 390 370
f 372 363 386
f 372 386 391
f 372 391 390
f 372 390 371
f 392 393 375
f 392 375 366
f 392 366 389
f 392 389 394
f 376 395 396
f 376 396 377
f 395 376 375
f 395 375 393
f 390 397 394
f 390 394 389
f 391 397 390
f 378 398 399
f 378 399 379
f 398 378 377
f 398 377 396
f 400 380 379
f 400 379 399
f 401 381 380
f 401 380 400
f 402 382 381
f 402 381 401
f 382 402 403
f 382 403 383
f 404 384 385
f 404 385 405
f 384 404 406
f 384 406 386
f 407 387 408
f 387 407 405
f 387 405 385
f 386 406 409
f 386 409 391
f 392 410 411
f 392 411 393
f 410 392 394
f 410 394 412
f 395 413 414
f 395 414 396
f 413 395 393
f 413 393 411
f 397 415 412
f 397 412 394
f 391 409 415
f 391 415 397
f 398 416 417
f 398 417 399
f 416 398 396
f 416 396 414
f 418 400 399
f 418 399 417
f 419 401 400
f 419 400 418
f 420 402 401
f 420 401 419
f 402 420 421
f 402 421 403
f 422 404 405
f 422 405 423
f 404 422 424
f 404 424 406
f 425 407 426
f 407 425 423
f 407 423 405
f 406 424 427
f 406 427 409
f 410 428 429
f 410 429 411
f 428 410 412
f 428 412 430
f 413 431 432
f 413 432 414
f 431 413 411
f 431 411 429
f 415 433 430
f 415 430 412
f 409 427 433
f 409 433 415
f 416 434 435
f 416 435 417
f 434 416 414
f 434 414 432
f 436 418 417
f 436 417 435
f 437 419 418
f 437 418 436
f 438 420 419
f 438 419 437
f 420 438 439
f 420 439 421
f 440 422 423
f 440 423 441
f 422 440 442
f 422 442 424
f 443 425 444
f 425 443 441
f 425 441 423
f 424 442 445
f 424 445 427
f 428 446 447
f 428 447 429
f 446 428 430
f 446 430 448
f 431 449 450
f 431 450 432
f 449 431 429
f 449 429 447
f 433 451 448
f 433 448 430
f 427 445 451
f 427 451 433
f 434 452 453
f 434 453 435
f 452 434 432
f 452 432 450
f 454 436 435
f 454 435 453
f 455 437 436
f 455 436 454
f 456 438 437
f 456 437 455
f 438 456 457
f 438 457 439
f 458 440 441
f 458 441 459
f 440 458 460
f 440 460 442
f 461 443 462
f 443 461 459
f 443 459 441
f 442 460 463
f 442 463 445
f 446 464 465
f 446 465 447
f 464 446 448
f 464 448 466
f 449 467 468
f 449 468 450
f 467 449 447
f 467 447 465
f 451 469 466
f 451 466 448
f 445 463 469
f 445 469 451
f 452 470 471
f 452 471 453
f 470 452 450
f 470 450 468
f 472 454 453
f 472 453 471
f 473 455 454
f 473 454 472
f 456 455 473
f 456 473 474
f 456 474 475
f 456 475 457
f 474 476 475
f 458 459 477
f 458 477 478
f 458 478 479
f 458 479 460
f 480 477 459
f 460 479 463
f 478 481 479
f 464 482 483
f 464 483 465
f 482 464 466
f 482 466 484
f 467 485 486
f 467 486 468
f 485 467 465
f 485 465 483
f 469 487 484
f 469 484 466
f 463 479 481
f 463 481 487
f 463 487 469
f 470 488 489
f 470 489 471
f 488 470 468
f 488 468 486
f 490 472 471
f 490 471 489
f 491 473 472
f 491 472 490
f 473 491 492
f 473 492 474
f 474 492 493
f 474 493 476
f 477 494 495
f 477 495 478
f 496 494 477
f 478 495 497
f 478 497 481
f 482 498 499
f 482 499 483
f 498 482 484
f 498 484 500
f 485 501 502
f 485 502 486
f 501 485 483
f 501 483 499
f 487 503 500
f 487 500 484
f 481 497 503
f 481 503 487
f 488 504 505
f 488 505 489
f 504 488 486
f 504 486 502
f 506 490 489
f 506 489 505
f 507 491 490
f 507 490 506
f 491 507 508
f 491 508 492
f 492 508 509
f 492 509 493
f 510 511 495
f 495 511 512
f 495 512 497
f 498 513 514
f 498 514 499
f 513 498 500
f 513 500 515
f 501 516 517
f 501 517 502
f 516 501 499
f 516 499 514
f 503 518 515
f 503 515 500
f 497 512 518
f 497 518 503
f 504 519 520
f 504 520 505
f 519 504 502
f 519 502 517
f 521 506 505
f 521 505 520
f 522 507 506
f 522 506 521
f 507 522 523
f 507 523 508
f 508 523 524
f 508 524 525
f 508 525 509
f 524 526 525
f 527 528 511
f 511 528 529
f 511 529 512
f 513 530 531
f 513 531 514
f 530 513 515
f 530 515 532
f 516 533 534
f 516 534 517
f 533 516 514
f 533 514 531
f 518 535 532
f 518 532 515
f 512 529 535
f 512 535 518
f 519 536 537
f 519 537 520
f 536 519 517
f 536 517 534
f 538 521 520
f 538 520 537
f 522 521 538
f 522 538 539
f 522 539 540
f 522 540 523
f 523 540 524
f 539 541 540
f 542 540 541
f 543 540 542
f 524 540 543
f 524 543 544
f 524 544 526
f 545 546 528
f 528 546 547
f 528 547 529
f 530 548 549
f 530 549 531
f 548 530 532
f 548 532 550
f 533 551 552
f 533 552 534
f 551 533 531
f 551 531 549
f 535 553 550
f 535 550 532
f 529 547 553
f 529 553 535
f 536 554 555
f 536 555 537
f 554 536 534
f 554 534 552
f 556 538 537
f 556 537 555
f 538 556 557
f 538 557 539
f 539 557 558
f 539 558 541
f 559 542 541
f 559 541 558
f 560 543 542
f 560 542 559
f 543 560 561
f 543 561 544
f 562 563 547
f 548 564 565
f 548 565 549
f 564 548 550
f 564 550 566
f 551 567 568
f 551 568 552
f 567 551 549
f 567 549 565
f 553 569 566
f 553 566 550
f 547 563 569
f 547 569 553
f 554 570 571
f 554 571 555
f 570 554 552
f 570 552 568
f 572 556 555
f 572 555 571
f 556 572 573
f 556 573 557
f 557 573 574
f 557 574 558
f 575 559 558
f 575 558 574
f 576 560 559
f 576 559 575
f 560 576 577
f 560 577 561
f 564 578 579
f 564 579 565
f 578 564 566
f 578 566 580
f 567 581 582
f 567 582 568
f 581 567 565
f 581 565 579
f 569 583 580
f 569 580 566
f 584 583 569
f 570 585 586
f 570 586 571
f 585 570 568
f 585 568 582
f 587 572 571
f 587 571 586
f 572 587 588
f 572 588 573
f 573 588 589
f 573 589 574
f 590 591 592
f 593 575 574
f 593 574 589
f 576 575 593
f 576 593 590
f 576 590 592
f 576 592 577
f 591 594 592
f 578 595 596
f 578 596 579
f 595 578 580
f 595 580 597
f 581 598 599
f 581 599 582
f 598 581 579
f 598 579 596
f 583 600 597
f 583 597 580
f 601 600 583
f 585 602 603
f 585 603 586
f 602 585 582
f 602 582 599
f 604 587 586
f 604 586 603
f 587 604 605
f 587 605 588
f 588 605 606
f 588 606 589
f 590 607 608
f 590 608 591
f 609 593 589
f 609 589 606
f 593 609 607
f 593 607 590
f 591 608 610
f 591 610 611
f 591 611 594
f 610 612 611
f 595 613 614
f 595 614 596
f 613 595 597
f 613 597 615
f 598 616 617
f 598 617 599
f 616 598 596
f 616 596 614
f 600 618 615
f 600 615 597
f 619 618 600
f 602 620 621
f 602 621 603
f 620 602 599
f 620 599 617
f 622 604 603
f 622 603 621
f 604 622 623
f 604 623 605
f 605 623 624
f 605 624 606
f 607 625 626
f 607 626 608
f 609 606 624
f 609 624 627
f 609 627 625
f 609 625 607
f 608 626 610
f 628 625 629
f 625 628 630
f 625 630 626
f 627 629 625
f 631 626 630
f 632 626 631
f 610 626 632
f 610 632 633
f 610 633 612
f 613 634 635
f 613 635 614
f 634 613 615
f 634 615 636
f 616 637 638
f 616 638 617
f 637 616 614
f 637 614 635
f 618 639 636
f 618 636 615
f 640 639 618
f 620 641 642
f 620 642 621
f 641 620 617
f 641 617 638
f 643 622 621
f 643 621 642
f 622 643 644
f 622 644 623
f 623 644 645
f 623 645 624
f 624 645 646
f 624 646 627
f 647 628 629
f 647 629 648
f 628 647 649
f 628 649 630
f 627 646 648
f 627 648 629
f 650 651 652
f 653 631 630
f 653 630 649
f 632 631 653
f 632 653 650
f 632 650 652
f 632 652 633
f 651 654 655
f 651 655 652
f 656 657 658
f 659 656 658
f 654 659 658
f 654 658 655
f 657 660 658
f 634 661 635
f 662 661 634
f 662 634 636
f 662 636 663
f 664 661 662
f 637 665 638
f 665 637 635
f 665 635 661
f 639 666 663
f 639 663 636
f 667 666 639
f 641 668 642
f 668 641 638
f 668 638 665
f 643 642 668
f 643 668 644
f 669 661 664
f 670 671 665
f 670 665 661
f 670 661 669
f 672 673 668
f 672 668 665
f 672 665 671
f 674 668 673
f 644 668 674
f 644 674 675
f 644 675 645
f 645 675 676
f 645 676 646
f 677 647 648
f 677 648 678
f 647 677 679
f 647 679 649
f 646 676 678
f 646 678 648
f 650 680 681
f 650 681 651
f 653 649 679
f 653 679 682
f 653 682 680
f 653 680 650
f 651 681 654
f 683 680 684
f 680 683 685
f 680 685 681
f 682 684 680
f 656 686 687
f 656 687 657
f 688 681 685
f 659 681 688
f 659 688 686
f 659 686 656
f 654 681 659
f 689 690 691
f 692 689 691
f 657 687 692
f 657 692 691
f 657 691 660
f 693 694 695
f 693 695 696
f 690 693 696
f 690 696 691
f 695 697 696
f 694 698 695
f 699 695 698
f 695 699 700
f 695 700 701
f 695 701 697
f 700 702 701
f 703 662 663
f 703 663 704
f 705 664 662
f 705 662 703
f 666 706 704
f 666 704 663
f 707 706 666
f 708 669 664
f 708 664 705
f 670 709 710
f 670 710 671
f 709 670 669
f 709 669 708
f 672 711 712
f 672 712 673
f 711 672 671
f 711 671 710
f 674 673 712
f 674 712 713
f 674 713 714
f 674 714 675
f 675 714 676
f 713 715 714
f 716 677 678
f 716 678 717
f 677 716 718
f 677 718 679
f 719 714 715
f 676 714 719
f 676 719 717
f 676 717 678
f 679 718 720
f 679 720 682
f 721 683 684
f 721 684 722
f 683 721 723
f 683 723 685
f 682 720 722
f 682 722 684
f 686 724 725
f 686 725 687
f 726 688 685
f 726 685 723
f 688 726 724
f 688 724 686
f 689 727 728
f 689 728 690
f 692 729 730
f 692 730 727
f 692 727 689
f 687 725 729
f 687 729 692
f 693 728 694
f 690 728 693
f 731 727 732
f 727 731 733
f 727 733 728
f 730 732 727
f 734 728 733
f 694 728 734
f 694 734 735
f 694 735 698
f 736 699 698
f 736 698 735
f 699 736 737
f 699 737 700
f 738 739 740
f 700 737 738
f 700 738 740
f 700 740 702
f 741 742 743
f 739 741 743
f 739 743 740
f 744 745 746
f 744 746 747
f 742 744 747
f 742 747 743
f 746 748 747
f 745 749 746
f 746 749 750
f 746 750 751
f 746 751 748
f 750 752 753
f 750 753 751
f 752 754 755
f 752 755 753
f 754 756 757
f 754 757 755
f 756 758 759
f 756 759 757
f 758 760 761
f 758 761 759
f 762 763 764
f 762 764 765
f 760 762 765
f 760 765 761
f 766 764 763
f 764 767 765
f 764 766 768
f 764 768 769
f 764 769 767
f 770 771 772
f 768 770 772
f 768 772 769
f 773 774 775
f 771 773 775
f 771 775 772
f 776 777 778
f 774 776 778
f 774 778 775
f 779 780 781
f 777 779 781
f 777 781 778
f 782 783 784
f 780 782 784
f 780 784 781
f 783 785 786
f 783 786 784
f 785 787 786
f 788 703 704
f 788 704 789
f 790 705 703
f 790 703 788
f 791 789 704
f 792 708 705
f 792 705 790
f 709 793 794
f 709 794 710
f 793 709 708
f 793 708 792
f 711 795 796
f 711 796 712
f 795 711 710
f 795 710 794
f 712 796 797
f 712 797 713
f 713 797 798
f 713 798 715
f 716 717 799
f 716 799 800
f 716 800 718
f 719 715 798
f 719 798 801
f 719 801 799
f 719 799 717
f 718 800 720
f 802 799 803
f 799 802 804
f 799 804 800
f 801 803 799
f 805 721 722
f 805 722 806
f 721 805 807
f 721 807 723
f 808 800 804
f 720 800 808
f 720 808 806
f 720 806 722
f 724 809 810
f 724 810 725
f 726 723 807
f 726 807 811
f 726 811 809
f 726 809 724
f 729 810 730
f 725 810 729
f 812 809 813
f 809 812 814
f 809 814 810
f 811 813 809
f 815 731 732
f 815 732 816
f 731 815 817
f 731 817 733
f 818 810 814
f 730 810 818
f 730 818 816
f 730 816 732
f 819 734 733
f 819 733 817
f 734 819 820
f 734 820 735
f 821 736 735
f 821 735 820
f 736 821 822
f 736 822 737
f 738 823 824
f 738 824 739
f 737 822 823
f 737 823 738
f 741 825 826
f 741 826 827
f 741 827 742
f 739 824 825
f 739 825 741
f 744 827 745
f 742 827 744
f 826 828 827
f 745 827 828
f 745 828 829
f 745 829 749
f 749 829 830
f 749 830 750
f 750 830 831
f 750 831 752
f 752 831 832
f 752 832 754
f 754 832 833
f 754 833 756
f 756 833 834
f 756 834 758
f 758 834 835
f 758 835 760
f 762 836 837
f 762 837 763
f 760 835 836
f 760 836 762
f 766 763 837
f 766 837 838
f 766 838 839
f 839 838 840
f 839 840 841
f 841 840 842
f 841 842 843
f 844 843 842
f 766 839 768
f 770 839 841
f 770 841 771
f 768 839 770
f 773 841 843
f 773 843 774
f 771 841 773
f 776 843 844
f 776 844 845
f 776 845 777
f 774 843 776
f 779 846 847
f 779 847 780
f 777 845 846
f 777 846 779
f 848 849 850
f 782 851 848
f 782 848 850
f 782 850 783
f 780 847 851
f 780 851 782
f 852 853 854
f 853 852 855
f 853 855 856
f 857 850 849
f 850 857 854
f 850 854 853
f 858 856 855
f 856 858 859
f 856 859 860
f 861 862 863
f 864 860 859
f 860 864 865
f 860 865 862
f 860 862 861
f 866 867 862
f 866 862 868
f 869 867 866
f 863 862 867
f 865 868 862
f 783 850 785
f 870 871 872
f 873 870 872
f 853 856 873
f 853 873 872
f 850 853 872
f 785 850 872
f 785 872 787
f 870 874 875
f 870 875 871
f 873 876 874
f 873 874 870
f 856 860 876
f 856 876 873
f 874 877 878
f 874 878 875
f 876 861 863
f 876 863 877
f 876 877 874
f 860 861 876
f 877 879 880
f 877 880 878
f 867 869 881
f 867 881 879
f 863 867 879
f 863 879 877
f 882 879 883
f 879 882 884
f 879 884 880
f 881 883 879
f 885 788 789
f 886 790 788
f 886 788 885
f 887 792 790
f 887 790 886
f 793 888 794
f 889 888 793
f 889 793 792
f 889 792 887
f 795 890 796
f 890 795 794
f 890 794 888
f 796 890 797
f 891 888 889
f 892 893 890
f 892 890 888
f 892 888 891
f 890 893 894
f 890 894 895
f 797 890 895
f 797 895 798
f 798 895 801
f 894 896 895
f 897 802 803
f 897 803 898
f 802 897 899
f 802 899 804
f 900 895 896
f 801 895 900
f 801 900 898
f 801 898 803
f 805 806 901
f 805 901 902
f 805 902 807
f 808 804 899
f 808 899 903
f 808 903 901
f 808 901 806
f 807 902 811
f 904 901 905
f 901 904 906
f 901 906 902
f 903 905 901
f 907 812 813
f 907 813 908
f 812 907 909
f 812 909 814
f 910 902 906
f 811 902 910
f 811 910 908
f 811 908 813
f 911 815 816
f 911 816 912
f 815 911 913
f 815 913 817
f 914 818 814
f 914 814 909
f 818 914 912
f 818 912 816
f 819 817 913
f 819 913 915
f 819 915 916
f 819 916 820
f 821 820 916
f 821 916 917
f 821 917 822
f 823 917 918
f 823 918 824
f 822 917 823
f 825 918 826
f 824 918 825
f 915 919 916
f 916 919 920
f 916 920 917
f 917 920 921
f 917 921 918
f 826 918 921
f 826 921 922
f 826 922 828
f 828 922 923
f 828 923 829
f 829 923 924
f 829 924 830
f 830 924 925
f 830 925 831
f 831 925 926
f 831 926 832
f 832 926 927
f 832 927 833
f 833 927 928
f 833 928 834
f 834 928 929
f 834 929 835
f 836 930 931
f 836 931 837
f 835 929 930
f 835 930 836
f 837 931 932
f 837 932 838
f 838 932 933
f 838 933 840
f 840 934 842
f 844 842 935
f 844 935 936
f 936 937 938
f 938 939 940
f 941 942 943
f 940 942 941
f 943 944 945
f 945 946 947
f 947 948 949
f 949 950 951
f 844 936 845
f 846 936 938
f 846 938 847
f 845 936 846
f 848 938 940
f 848 940 849
f 851 938 848
f 847 938 851
f 852 854 941
f 852 941 943
f 852 943 855
f 857 849 940
f 857 940 941
f 857 941 854
f 858 855 943
f 858 943 945
f 858 945 859
f 864 859 945
f 864 945 947
f 864 947 865
f 866 868 952
f 869 866 952
f 869 952 953
f 947 949 952
f 865 947 952
f 865 952 868
f 954 952 955
f 954 955 956
f 953 952 954
f 949 951 955
f 949 955 952
f 957 955 958
f 957 958 959
f 956 955 957
f 960 958 955
f 961 958 962
f 961 962 963
f 959 958 961
f 964 962 958
f 965 962 966
f 965 966 967
f 963 962 965
f 968 966 962
f 969 966 970
f 969 970 971
f 967 966 969
f 972 970 966
f 973 970 974
f 973 974 975
f 971 970 973
f 976 974 970
f 977 974 978
f 979 977 978
f 979 978 980
f 975 974 977
f 981 978 974
f 982 983 978
f 982 978 984
f 982 984 985
f 980 978 983
f 986 984 978
f 987 988 984
f 987 984 989
f 987 989 990
f 985 984 988
f 991 989 984
f 992 993 989
f 992 989 994
f 992 994 995
f 990 989 993
f 996 994 989
f 995 994 997
f 997 998 999
f 1000 1001 1002
f 999 1001 1000
f 1002 1003 1004
f 869 953 881
f 882 883 1005
f 882 1005 1006
f 882 1006 884
f 954 956 1005
f 953 954 1005
f 881 953 1005
f 881 1005 883
f 1005 1007 1008
f 1005 1008 1006
f 957 959 1007
f 956 957 1007
f 956 1007 1005
f 1007 1009 1010
f 1007 1010 1008
f 961 963 1009
f 959 961 1009
f 959 1009 1007
f 1009 1011 1012
f 1009 1012 1010
f 965 967 1011
f 963 965 1011
f 963 1011 1009
f 1013 1011 1014
f 1013 1014 1015
f 1011 1013 1016
f 1011 1016 1012
f 969 971 1014
f 967 969 1014
f 967 1014 1011
f 1017 1014 1018
f 1015 1014 1017
f 1019 973 975
f 1019 975 1020
f 1021 971 973
f 1021 973 1019
f 971 1021 1018
f 971 1018 1014
f 1022 977 979
f 1023 975 977
f 1023 977 1022
f 1020 975 1023
f 1024 885 1025
f 1026 886 885
f 1026 885 1024
f 1027 1028 887
f 1027 887 886
f 1027 886 1026
f 1029 1028 1027
f 889 887 1028
f 1030 1031 1028
f 1030 1028 1029
f 1032 1031 1030
f 1033 891 889
f 1033 889 1028
f 1033 1028 1031
f 892 1034 893
f 1034 892 891
f 1034 891 1033
f 893 1034 894
f 1035 1031 1032
f 1036 1037 1033
f 1036 1033 1031
f 1036 1031 1035
f 1038 1039 1034
f 1038 1034 1033
f 1038 1033 1037
f 1034 1039 1040
f 1034 1040 1041
f 894 1034 1041
f 894 1041 896
f 897 898 1042
f 897 1042 1043
f 897 1043 899
f 900 896 1041
f 900 1041 1042
f 900 1042 898
f 899 1043 903
f 1040 1044 1041
f 1042 1045 1046
f 1042 1046 1043
f 1041 1044 1047
f 1041 1047 1045
f 1041 1045 1042
f 904 905 1048
f 904 1048 1049
f 904 1049 906
f 1043 1046 1048
f 903 1043 1048
f 903 1048 905
f 907 908 1050
f 907 1050 1051
f 907 1051 909
f 910 906 1049
f 910 1049 1050
f 910 1050 908
f 911 912 1052
f 911 1052 1053
f 911 1053 913
f 914 909 1051
f 914 1051 1052
f 914 1052 912
f 913 1053 915
f 1054 1045 1055
f 1045 1054 1056
f 1045 1056 1046
f 1047 1055 1045
f 1057 1048 1058
f 1048 1057 1059
f 1048 1059 1049
f 1046 1056 1058
f 1046 1058 1048
f 1060 1050 1061
f 1050 1060 1062
f 1050 1062 1051
f 1049 1059 1061
f 1049 1061 1050
f 1063 1052 1064
f 1052 1063 1065
f 1052 1065 1053
f 1051 1062 1064
f 1051 1064 1052
f 915 1053 1065
f 915 1065 1066
f 915 1066 919
f 919 1066 1067
f 919 1067 920
f 920 1067 1068
f 920 1068 921
f 921 1069 922
f 922 1070 923
f 923 1071 924
f 924 1072 925
f 925 1073 926
f 926 1074 927
f 927 1075 928
f 928 1076 929
f 930 1077 931
f 929 1077 930
f 931 1078 932
f 932 1079 933
f 979 980 1080
f 982 1081 983
f 1081 982 985
f 1081 985 1082
f 1080 980 983
f 1080 983 1081
f 987 1083 988
f 1083 987 990
f 1083 990 1084
f 1082 985 988
f 1082 988 1083
f 992 1085 993
f 1085 992 995
f 1085 995 1086
f 1084 990 993
f 1084 993 1085
f 1086 995 997
f 1086 997 1087
f 1087 997 999
f 1087 999 1088
f 1089 1000 1002
f 1089 1002 1090
f 1088 999 1000
f 1088 1000 1089
f 1090 1002 1004
f 1090 1004 1091
f 1092 1091 1093
f 1092 1093 1094
f 1094 1095 1096
f 1096 1097 1098
f 1098 1099 1100
f 1100 1101 1102
f 1102 1103 1104
f 1104 1105 1106
f 1106 1107 1108
f 1108 1109 1110
f 1110 1111 1112
f 1112 1113 1114
f 1114 1115 1116
f 1116 1117 1118
f 1013 1015 1119
f 1013 1119 1016
f 1017 1018 1120
f 1017 1120 1121
f 1015 1017 1121
f 1015 1121 1119
f 1019 1020 1120
f 1021 1019 1120
f 1021 1120 1018
f 1120 1122 1123
f 1120 1123 1121
f 1022 979 1080
f 1022 1080 1122
f 1023 1022 1122
f 1020 1023 1122
f 1020 1122 1120
f 1122 1124 1125
f 1122 1125 1123
f 1081 1082 1124
f 1080 1081 1124
f 1080 1124 1122
f 1126 1124 1127
f 1126 1127 1128
f 1124 1126 1129
f 1124 1129 1125
f 1083 1084 1127
f 1082 1083 1127
f 1082 1127 1124
f 1130 1127 1131
f 1130 1131 1132
f 1133 1127 1130
f 1134 1128 1127
f 1134 1127 1133
f 1085 1086 1131
f 1084 1085 1131
f 1084 1131 1127
f 1135 1131 1136
f 1135 1136 1137
f 1132 1131 1135
f 1086 1087 1136
f 1086 1136 1131
f 1138 1136 1139
f 1137 1136 1138
f 1140 1087 1088
f 1140 1088 1141
f 1087 1140 1139
f 1087 1139 1136
f 1142 1089 1090
f 1142 1090 1143
f 1144 1089 1142
f 1145 1088 1089
f 1145 1089 1144
f 1141 1088 1145
f 1146 1090 1091
f 1146 1091 1147
f 1143 1090 1146
f 1148 1091 1092
f 1147 1091 1148
f 1126 1128 1149
f 1126 1149 1129
f 1150 1128 1134
f 1128 1150 1151
f 1128 1151 1149
f 1152 1024 1153
f 1154 1026 1024
f 1154 1024 1152
f 1155 1027 1026
f 1155 1026 1154
f 1156 1029 1027
f 1156 1027 1155
f 1157 1158 1159
f 1160 1158 1157
f 1161 1162 1163
f 1162 1161 1159
f 1162 1159 1158
f 1164 1030 1029
f 1164 1029 1156
f 1032 1030 1164
f 1032 1164 1163
f 1032 1163 1162
f 1165 1166 1167
f 1168 1166 1165
f 1169 1170 1158
f 1169 1158 1160
f 1170 1169 1167
f 1170 1167 1166
f 1171 1162 1158
f 1171 1158 1170
f 1172 1035 1032
f 1172 1032 1162
f 1172 1162 1171
f 1036 1173 1037
f 1173 1036 1035
f 1173 1035 1172
f 1038 1174 1039
f 1174 1038 1037
f 1174 1037 1173
f 1039 1174 1040
f 1175 1176 1166
f 1175 1166 1168
f 1177 1176 1175
f 1178 1176 1177
f 1179 1170 1166
f 1179 1166 1176
f 1180 1171 1170
f 1180 1170 1179
f 1181 1172 1171
f 1181 1171 1180
f 1182 1173 1172
f 1182 1172 1181
f 1183 1174 1173
f 1183 1173 1182
f 1174 1183 1184
f 1040 1174 1184
f 1040 1184 1044
f 1044 1184 1047
f 1185 1186 1187
f 1188 106 1189
f 1188 1189 1186
f 1188 1186 1185
f 107 1189 106
f 108 1189 107
f 1176 1178 1187
f 1176 1187 1186
f 1190 1191 1186
f 1190 1186 1189
f 1179 1176 1186
f 1180 1179 1186
f 1180 1186 1191
f 1192 1193 1191
f 1192 1191 1190
f 1181 1180 1191
f 1182 1181 1191
f 1182 1191 1193
f 1194 1193 1195
f 1183 1182 1193
f 1183 1193 1194
f 1183 1194 1184
f 1196 1194 1197
f 1054 1055 1194
f 1054 1194 1196
f 1054 1196 1056
f 1047 1184 1194
f 1047 1194 1055
f 1198 1196 1199
f 1057 1058 1196
f 1057 1196 1198
f 1057 1198 1059
f 1056 1196 1058
f 1200 1198 1201
f 1060 1061 1198
f 1060 1198 1200
f 1060 1200 1062
f 1059 1198 1061
f 1202 1200 1203
f 1063 1064 1200
f 1063 1200 1202
f 1063 1202 1065
f 1062 1200 1064
f 1065 1202 1066
f 1066 1204 1067
f 1067 1205 1068
f 111 1206 1189
f 111 1189 108
f 112 1206 111
f 1190 1189 1207
f 1192 1190 1208
f 1092 1094 1209
f 1209 1094 1096
f 1209 1096 1210
f 1209 1210 1206
f 1096 1098 1211
f 1096 1211 1210
f 1098 1100 1212
f 1098 1212 1211
f 1100 1102 1213
f 1100 1213 1212
f 1102 1104 1214
f 1102 1214 1213
f 1104 1106 1215
f 1104 1215 1214
f 1106 1108 1216
f 1106 1216 1215
f 1108 1110 1217
f 1108 1217 1216
f 1110 1112 1218
f 1110 1218 1217
f 1112 1114 1219
f 1112 1219 1218
f 1114 1116 1220
f 1114 1220 1219
f 1116 1118 1221
f 1116 1221 1220
f 1222 1223 1221
f 1224 1225 1223
f 1226 1227 1225
f 1228 1229 1227
f 1230 1231 1229
f 1232 1233 1231
f 1234 1235 1233
f 113 116 1236
f 113 1236 117
f 118 1237 1236
f 118 1236 116
f 1206 112 117
f 1206 117 1236
f 1130 1132 1238
f 1239 1133 1130
f 1239 1130 1238
f 1239 1238 1237
f 1134 1133 1239
f 1135 1137 1240
f 1132 1135 1240
f 1132 1240 1238
f 1138 1139 1241
f 1138 1241 1242
f 1137 1138 1242
f 1137 1242 1240
f 1140 1141 1241
f 1140 1241 1139
f 1241 1236 1242
f 1142 1143 1243
f 1144 1142 1243
f 1144 1243 1236
f 1145 1144 1236
f 1141 1145 1236
f 1141 1236 1241
f 1146 1147 1244
f 1143 1146 1244
f 1143 1244 1243
f 1148 1092 1209
f 1148 1209 1245
f 1147 1148 1245
f 1147 1245 1244
f 1209 1206 1245
f 121 1237 118
f 122 1237 121
f 1237 122 124
f 1237 124 1246
f 1239 1237 1246
f 1150 1134 1239
f 1150 1239 1246
f 1150 1246 1151
f 1247 1152 1248
f 1249 1154 1152
f 1249 1152 1247
f 1250 1251 1252
f 1253 1251 1250
f 1254 1251 1253
f 1255 1256 1257
f 1256 1255 1252
f 1256 1252 1251
f 1258 1155 1154
f 1258 1154 1249
f 1156 1155 1258
f 1156 1258 1257
f 1156 1257 1256
f 1259 1260 1261
f 1262 1260 1259
f 1263 1157 1159
f 1263 1159 1251
f 1263 1251 1254
f 1160 1157 1263
f 1160 1263 1261
f 1160 1261 1260
f 1161 1163 1256
f 1161 1256 1251
f 1161 1251 1159
f 1164 1156 1256
f 1164 1256 1163
f 1264 90 1165
f 1264 1165 1167
f 1264 1167 1260
f 1264 1260 1262
f 91 1168 1165
f 91 1165 90
f 1169 1160 1260
f 1169 1260 1167
f 99 1175 1168
f 99 1168 91
f 100 1177 1175
f 100 1175 99
f 101 1178 1177
f 101 1177 100
f 104 1185 1187
f 104 1187 105
f 1188 1185 104
f 1178 101 105
f 1178 105 1187
f 1265 1266 1267
f 1268 1269 1267
f 1268 1267 1266
f 1270 1247 1271
f 1249 1247 1270
f 1249 1270 1269
f 1249 1269 1268
f 1272 1273 1274
f 1275 1250 1252
f 1275 1252 1266
f 1275 1266 1265
f 1276 1253 1250
f 1276 1250 1275
f 1254 1253 1276
f 1254 1276 1274
f 1254 1274 1273
f 1255 1257 1268
f 1255 1268 1266
f 1255 1266 1252
f 1258 1249 1268
f 1258 1268 1257
f 1277 1259 1261
f 1277 1261 1273
f 1277 1273 1272
f 1278 82 1262
f 1278 1262 1259
f 1278 1259 1277
f 1263 1254 1273
f 1263 1273 1261
f 1264 1262 82
f 1265 1267 1279
f 1265 1279 1280
f 1265 1280 1281
f 1269 1282 1279
f 1269 1279 1267
f 1283 1284 1281
f 1283 1281 1280
f 1285 1270 1286
f 1270 1285 1282
f 1270 1282 1269
f 1272 1274 1287
f 1272 1287 1288
f 1289 1287 1290
f 1291 1288 1287
f 1291 1287 1289
f 1292 75 1288
f 1292 1288 1291
f 76 1288 75
f 1275 1265 1281
f 1276 1275 1281
f 1276 1281 1287
f 1276 1287 1274
f 1284 1293 1287
f 1284 1287 1281
f 1290 1287 1293
f 1277 1272 1288
f 1278 1277 1288
f 1278 1288 83
f 83 1288 76
f 1279 1294 1280
f 1282 1294 1279
f 1283 1295 1296
f 1283 1296 1284
f 1297 1295 1283
f 1297 1283 1280
f 1297 1280 1294
f 1297 1294 1298
f 1285 1299 1300
f 1285 1300 1294
f 1285 1294 1282
f 1301 1294 1300
f 1298 1294 1301
f 1302 1289 1290
f 1302 1290 1303
f 1304 1291 1289
f 1304 1289 1302
f 1305 1292 1291
f 1305 1291 1304
f 1284 1296 1306
f 1284 1306 1293
f 1303 1290 1293
f 1303 1293 1306
f 1307 1308 1309
f 1307 1309 1310
f 1295 1311 1312
f 1295 1312 1313
f 1295 1313 1296
f 1297 1314 1311
f 1297 1311 1295
f 1314 1297 1298
f 1314 1298 1315
f 1316 1310 1309
f 1316 1309 1313
f 1316 1313 1312
f 1317 1318 1300
f 1319 1301 1300
f 1319 1300 1318
f 1315 1298 1301
f 1315 1301 1319
f 1308 1320 1302
f 1308 1302 1303
f 1308 1303 1309
f 1321 1304 1302
f 1321 1302 1320
f 1322 1305 1304
f 1322 1304 1321
f 1296 1313 1306
f 1309 1303 1306
f 1309 1306 1313
f 1307 1323 1324
f 1307 1324 1325
f 1307 1325 1308
f 1323 1307 1310
f 1323 1310 1326
f 1327 1325 1324
f 1328 69 1325
f 1328 1325 1327
f 1311 1329 1330
f 1311 1330 1312
f 1314 1331 1329
f 1314 1329 1311
f 1331 1314 1315
f 1331 1315 1332
f 1316 1333 1326
f 1316 1326 1310
f 1333 1316 1312
f 1333 1312 1330
f 1334 1335 1318
f 1336 1319 1318
f 1336 1318 1335
f 1332 1315 1319
f 1332 1319 1336
f 1308 1325 1320
f 1321 1320 1325
f 1322 1321 1325
f 1322 1325 69
f 1323 1337 1338
f 1323 1338 1324
f 1337 1323 1326
f 1337 1326 1339
f 1340 68 1327
f 1340 1327 1324
f 1340 1324 1338
f 1328 1327 68
f 1329 1341 1342
f 1329 1342 1330
f 1331 1343 1341
f 1331 1341 1329
f 1343 1331 1332
f 1343 1332 1344
f 1333 1345 1339
f 1333 1339 1326
f 1345 1333 1330
f 1345 1330 1342
f 1346 1347 1335
f 1348 1336 1335
f 1348 1335 1347
f 1344 1332 1336
f 1344 1336 1348
f 1337 1349 1350
f 1337 1350 1338
f 1349 1337 1339
f 1349 1339 1351
f 1352 1340 1338
f 1352 1338 1350
f 1341 1353 1354
f 1341 1354 1342
f 1343 1355 1353
f 1343 1353 1341
f 1355 1343 1344
f 1355 1344 1356
f 1345 1357 1351
f 1345 1351 1339
f 1357 1345 1342
f 1357 1342 1354
f 1356 1344 1358
f 1349 1359 1360
f 1349 1360 67
f 1349 67 1350
f 1359 1349 1351
f 1359 1351 1361
f 1352 1350 67
f 1353 1362 1363
f 1353 1363 1354
f 1355 1364 1362
f 1355 1362 1353
f 1364 1355 1365
f 1357 1366 1361
f 1357 1361 1351
f 1366 1357 1354
f 1366 1354 1363
f 1359 1367 1368
f 1359 1368 1360
f 1367 1359 1361
f 1367 1361 1369
f 1362 1370 1371
f 1362 1371 1363
f 1372 1370 1362
f 1366 1373 1369
f 1366 1369 1361
f 1373 1366 1363
f 1373 1363 1371
f 1367 1374 1375
f 1367 1375 1368
f 1374 1367 1369
f 1374 1369 1376
f 1370 1377 1378
f 1370 1378 1371
f 1379 1377 1370
f 1373 1380 1376
f 1373 1376 1369
f 1380 1373 1371
f 1380 1371 1378
f 1374 66 1375
f 1381 66 1374
f 1381 1374 1376
f 1381 1376 1382
f 1377 1383 1384
f 1377 1384 1378
f 1385 1383 1377
f 1380 1386 1382
f 1380 1382 1376
f 1386 1380 1378
f 1386 1378 1384
f 1387 1381 1382
f 1387 1382 1388
f 1389 1390 1384
f 1386 1391 1388
f 1386 1388 1382
f 1391 1386 1384
f 1391 1384 1390
f 1392 1387 1388
f 1392 1388 1393
f 1394 1395 1390
f 1391 1396 1393
f 1391 1393 1388
f 1396 1391 1390
f 1396 1390 1395
f 1397 1392 1393
f 1397 1393 1398
f 1396 1399 1398
f 1396 1398 1393
f 1399 1396 1400
f 1401 1397 1398
f 1401 1398 1402
f 1399 1403 1402
f 1399 1402 1398
f 1403 1399 1404
f 1405 1401 1402
f 1405 1402 1406
f 1403 1407 1406
f 1403 1406 1402
f 1407 1403 1408
f 1409 1405 1406
f 1409 1406 1410
f 1407 1411 1410
f 1407 1410 1406
f 1411 1407 1412
f 1413 1409 1410
f 1413 1410 1414
f 1415 1414 1410
f 1416 1413 1417
f 1418 1416 1419
f 1420 1418 1421
f 1422 1420 1423
f 1424 1422 1425
f 1426 60 1427
f 1427 60 1424
f 1427 1424 1428
f 1429 1426 1427
f 1429 1427 1430
f 1430 1427 1431
f 1432 1429 1430
f 1432 1430 1433
f 1433 1430 1434
f 1435 1432 1436
f 1437 1435 1438
f 1439 1440 1441
f 1442 1439 1441
f 1442 1441 1443
f 1444 1442 1443
f 1444 1443 1445
f 1446 1442 1447
f 1444 1448 1447
f 1444 1447 1442
f 1448 1444 1445
f 1448 1445 1449
f 1450 1447 1451
f 1448 1452 1451
f 1448 1451 1447
f 1452 1448 1449
f 1452 1449 1453
f 1454 1451 1455
f 1452 1456 1455
f 1452 1455 1451
f 1456 1452 1453
f 1456 1453 1457
f 1458 1455 1459
f 1456 1460 1459
f 1456 1459 1455
f 1460 1456 1457
f 1460 1457 1461
f 1462 1459 1463
f 1460 1464 1463
f 1460 1463 1459
f 1464 1460 1461
f 1464 1461 1465
f 1466 1463 1467
f 1464 1468 1467
f 1464 1467 1463
f 1468 1464 1465
f 1468 1465 1469
f 1470 1467 1471
f 1468 1472 1471
f 1468 1471 1467
f 1472 1468 1469
f 1472 1469 1473
f 1474 1471 1475
f 1472 1476 1475
f 1472 1475 1471
f 1476 1472 1473
f 1476 1473 1477
f 1478 1479 1480
f 1478 1480 1481
f 1482 1475 1483
f 1476 1484 1483
f 1476 1483 1475
f 1484 1476 1477
f 1484 1477 1485
f 1478 1486 1487
f 1478 1487 1479
f 1488 1489 1486
f 1488 1486 1478
f 1490 1488 1478
f 1490 1478 1481
f 1490 1481 1491
f 1492 1483 1493
f 1484 1494 1493
f 1484 1493 1483
f 1494 1484 1485
f 1494 1485 1495
f 1486 1496 1497
f 1486 1497 1487
f 1498 1499 1496
f 1489 1498 1496
f 1489 1496 1486
f 1500 1493 1501
f 1494 1502 1501
f 1494 1501 1493
f 1502 1494 1495
f 1502 1495 1503
f 1496 1504 1505
f 1496 1505 1506
f 1496 1506 1497
f 1499 1504 1496
f 1507 1501 1508
f 1502 1509 1508
f 1502 1508 1501
f 1509 1502 1503
f 1509 1503 1510
f 1511 1512 1513
f 1505 1511 1513
f 1505 1513 1506
f 1514 1508 1515
f 1509 1516 1515
f 1509 1515 1508
f 1516 1509 1510
f 1516 1510 1517
f 1518 1519 1520
f 1521 1519 1518
f 1522 1520 1519
f 1522 1519 1523
f 1512 1522 1523
f 1512 1523 1513
f 1524 1515 1525
f 1516 1526 1525
f 1516 1525 1515
f 1526 1516 1517
f 1526 1517 1527
f 1528 1529 1519
f 1528 1519 1521
f 1530 1529 1528
f 1519 1529 1531
f 1519 1531 1523
f 1532 1525 1533
f 1526 1534 1533
f 1526 1533 1525
f 1535 1534 1526
f 1535 1526 1527
f 1535 1527 1536
f 1537 1529 1530
f 1529 1537 1538
f 1529 1538 1535
f 1529 1535 1536
f 1529 1536 1531
f 1539 1533 1540
f 1541 1534 1542
f 1534 1541 1543
f 1534 1543 1540
f 1534 1540 1533
f 1535 1544 1542
f 1535 1542 1534
f 1538 1544 1535
f 1545 1540 1546
f 1547 1548 1546
f 1543 1547 1546
f 1543 1546 1540
f 1549 1550 1551
f 1552 1553 1546
f 1552 1546 1554
f 1553 1552 1551
f 1553 1551 1550
f 1548 1554 1546
f 1555 1556 1550
f 1555 1550 1549
f 1557 1556 1555
f 1556 1557 1558
f 1556 1558 1559
f 1560 1550 1556
f 1561 1556 1559
f 1561 1559 1562
f 1563 1556 1561
f 1564 1561 1562
f 1564 1562 1565
f 1566 1561 1564
f 1567 1564 1565
f 1567 1565 1568
f 1569 1564 1567
f 1570 1567 1568
f 1570 1568 1571
f 1572 1567 1570
f 1573 1570 1571
f 1573 1571 1574
f 1575 1570 1573
f 1576 1573 1574
f 1576 1574 1577
f 1578 1573 1576
f 1579 1576 1577
f 1579 1577 1580
f 1581 1576 1579
f 1582 1579 1580
f 1582 1580 1583
f 1584 1579 1582
f 1585 1582 1583
f 1585 1583 1586
f 1587 1582 1585
f 1588 1585 1586
f 1588 1586 1589
f 1590 1585 1588
f 1591 1588 1589
f 1591 1589 1592
f 1593 1588 1591
f 1594 1591 1592
f 1594 1592 1595
f 1596 1591 1594
f 1597 1594 1595
f 1597 1595 1598
f 1599 1594 1597
f 1600 1597 1598
f 1600 1598 1601
f 1602 1597 1600
f 1603 1600 1601
f 1603 1601 1604
f 1605 1600 1603
f 1606 1603 1604
f 1606 1604 1607
f 1608 1603 1606
f 1609 1606 1607
f 1609 1607 1610
f 1611 1606 1609
f 1612 1609 1610
f 1612 1610 1613
f 1614 1609 1612
f 1615 1612 1613
f 1615 1613 1616
f 1617 1612 1615
f 1439 1615 1616
f 1439 1616 1440
f 1618 1619 1615
f 1618 1615 1439
f 1620 1618 1621
f 1622 1621 1623
f 1624 1623 1625
f 1626 1625 1627
f 1628 1627 1629
f 1630 1629 1631
f 1632 1631 1633
f 1634 1633 1635
f 1636 1635 1637
f 1638 1637 1639
f 1640 1639 1641
f 1642 1641 1643
f 1644 1643 1645
f 1646 1645 1647
f 1648 1647 1649
f 1650 1649 1651
f 1652 1651 1653
f 1654 1653 1655
f 1656 1655 1657
f 1658 1657 1659
f 1660 1659 1661
f 1662 1661 1663
f 1664 1663 1665
f 1666 1665 1667
f 1488 1668 1669
f 1488 1669 1489
f 1490 1670 1668
f 1490 1668 1488
f 1670 1490 1491
f 1670 1491 1671
f 1672 1498 1673
f 1489 1669 1673
f 1489 1673 1498
f 1668 1674 1675
f 1668 1675 1669
f 1670 1676 1674
f 1670 1674 1668
f 1677 1676 1670
f 1677 1670 1671
f 1677 1671 1678
f 1679 1677 1678
f 1680 1679 1678
f 1680 1678 1681
f 1682 1673 1683
f 1669 1675 1683
f 1669 1683 1673
f 1674 1684 1675
f 1676 1684 1674
f 1677 1684 1676
f 1679 1685 1684
f 1679 1684 1677
f 1680 1686 1687
f 1680 1687 1685
f 1680 1685 1679
f 1686 1680 1681
f 1686 1681 1688
f 1689 1683 1684
f 1689 1684 1690
f 1675 1684 1683
f 1691 1685 1692
f 1685 1691 1690
f 1685 1690 1684
f 1687 1692 1685
f 1686 1693 1694
f 1686 1694 1687
f 1693 1686 1688
f 1693 1688 1695
f 1696 1690 1697
f 1698 1691 1692
f 1698 1692 1699
f 1691 1698 1697
f 1691 1697 1690
f 1687 1694 1699
f 1687 1699 1692
f 1693 1700 1701
f 1693 1701 1694
f 1702 1700 1693
f 1702 1693 1695
f 1702 1695 1703
f 1704 1702 1703
f 1704 1703 1705
f 1706 1697 1707
f 1708 1698 1699
f 1708 1699 1709
f 1698 1708 1707
f 1698 1707 1697
f 1694 1701 1709
f 1694 1709 1699
f 1700 1710 1701
f 1702 1710 1700
f 1704 1711 1710
f 1704 1710 1702
f 1711 1704 1705
f 1711 1705 1712
f 1713 1707 1714
f 1715 1708 1709
f 1715 1709 1716
f 1708 1715 1714
f 1708 1714 1707
f 1717 1710 1718
f 1701 1710 1717
f 1701 1717 1716
f 1701 1716 1709
f 1719 1711 1720
f 1721 1711 1719
f 1711 1721 1718
f 1711 1718 1710
f 1722 1720 1711
f 1722 1711 1712
f 1722 1712 1723
f 1724 1714 1725
f 1726 1715 1716
f 1726 1716 1727
f 1715 1726 1725
f 1715 1725 1714
f 1728 1717 1718
f 1728 1718 1729
f 1717 1728 1727
f 1717 1727 1716
f 1730 1719 1720
f 1730 1720 1731
f 1732 1721 1719
f 1732 1719 1730
f 1721 1732 1729
f 1721 1729 1718
f 1722 1733 1731
f 1722 1731 1720
f 1733 1722 1723
f 1733 1723 1734
f 1735 1725 1736
f 1737 1726 1727
f 1737 1727 1738
f 1726 1737 1736
f 1726 1736 1725
f 1739 1728 1729
f 1739 1729 1740
f 1728 1739 1738
f 1728 1738 1727
f 1741 1730 1731
f 1741 1731 1742
f 1743 1732 1730
f 1743 1730 1741
f 1732 1743 1740
f 1732 1740 1729
f 1733 1744 1742
f 1733 1742 1731
f 1745 1744 1733
f 1745 1733 1734
f 1745 1734 1746
f 1745 1746 1747
f 1748 1736 1749
f 1750 1737 1738
f 1750 1738 1751
f 1737 1750 1749
f 1737 1749 1736
f 1752 1739 1740
f 1752 1740 1753
f 1739 1752 1751
f 1739 1751 1738
f 1754 1741 1742
f 1754 1742 1755
f 1756 1743 1741
f 1756 1741 1754
f 1743 1756 1753
f 1743 1753 1740
f 1744 1757 1755
f 1744 1755 1742
f 1745 1758 1757
f 1745 1757 1744
f 1759 1760 1761
f 1759 1761 1762
f 1760 1758 1745
f 1760 1745 1747
f 1760 1747 1761
f 1763 1749 1764
f 1765 1750 1751
f 1765 1751 1766
f 1750 1765 1764
f 1750 1764 1749
f 1767 1752 1753
f 1767 1753 1768
f 1752 1767 1766
f 1752 1766 1751
f 1769 1770 1771
f 1772 1754 1755
f 1772 1755 1770
f 1772 1770 1769
f 1773 1756 1754
f 1773 1754 1772
f 1756 1773 1768
f 1756 1768 1753
f 1757 1770 1755
f 1758 1770 1757
f 1759 1774 1775
f 1759 1775 1770
f 1759 1770 1760
f 1774 1759 1762
f 1774 1762 1776
f 1777 1770 1775
f 1771 1770 1777
f 1760 1770 1758
f 1778 1764 1779
f 1780 1765 1766
f 1780 1766 1781
f 1765 1780 1779
f 1765 1779 1764
f 1782 1767 1768
f 1782 1768 1783
f 1767 1782 1781
f 1767 1781 1766
f 1784 1769 1771
f 1784 1771 1785
f 1786 1772 1769
f 1786 1769 1784
f 1787 1773 1772
f 1787 1772 1786
f 1773 1787 1783
f 1773 1783 1768
f 1774 1788 1789
f 1774 1789 1775
f 1788 1774 1776
f 1788 1776 1790
f 1791 1777 1775
f 1791 1775 1789
f 1785 1771 1777
f 1785 1777 1791
f 1792 1780 1781
f 1792 1781 1793
f 1794 1780 1792
f 1795 1782 1783
f 1795 1783 1796
f 1782 1795 1793
f 1782 1793 1781
f 1797 1784 1785
f 1797 1785 1798
f 1799 1786 1784
f 1799 1784 1797
f 1800 1787 1786
f 1800 1786 1799
f 1787 1800 1796
f 1787 1796 1783
f 1788 1801 1802
f 1788 1802 1789
f 1803 1801 1788
f 1803 1788 1790
f 1803 1790 1804
f 1805 1791 1789
f 1805 1789 1802
f 1798 1785 1791
f 1798 1791 1805
f 1803 1804 1806
f 1807 1793 1808
f 1809 1795 1796
f 1809 1796 1810
f 1795 1809 1808
f 1795 1808 1793
f 1811 1812 1797
f 1811 1797 1798
f 1811 1798 1813
f 1814 1799 1797
f 1814 1797 1812
f 1815 1800 1799
f 1815 1799 1814
f 1800 1815 1810
f 1800 1810 1796
f 1801 1816 1802
f 1803 1816 1801
f 1817 1805 1802
f 1817 1802 1816
f 1813 1798 1805
f 1813 1805 1817
f 1818 1811 1813
f 1818 1813 1819
f 1820 1816 1803
f 1820 1803 1806
f 1820 1806 1821
f 1822 1823 1817
f 1822 1817 1816
f 1822 1816 1820
f 1824 1819 1813
f 1824 1813 1817
f 1824 1817 1823
f 1825 1808 1826
f 1827 1809 1810
f 1827 1810 1828
f 1809 1827 1826
f 1809 1826 1808
f 1811 1829 1812
f 1814 1812 1829
f 1830 1815 1814
f 1830 1814 1829
f 1830 1829 1831
f 1815 1830 1828
f 1815 1828 1810
f 1832 1833 1829
f 1818 1834 1832
f 1818 1832 1829
f 1818 1829 1811
f 1834 1818 1819
f 1834 1819 1835
f 1831 1829 1833
f 1836 1820 1821
f 1836 1821 1837
f 1822 1838 1839
f 1822 1839 1823
f 1838 1822 1820
f 1838 1820 1836
f 1824 1840 1835
f 1824 1835 1819
f 1840 1824 1823
f 1840 1823 1839
f 1841 1826 1842
f 1843 1827 1828
f 1843 1828 1844
f 1827 1843 1842
f 1827 1842 1826
f 1845 1830 1831
f 1845 1831 1846
f 1830 1845 1844
f 1830 1844 1828
f 1832 1847 1848
f 1832 1848 1833
f 1834 1849 1847
f 1834 1847 1832
f 1849 1834 1835
f 1849 1835 1850
f 1846 1831 1833
f 1846 1833 1848
f 1851 1836 1837
f 1851 1837 1852
f 1838 1853 1854
f 1838 1854 1839
f 1853 1838 1836
f 1853 1836 1851
f 1840 1855 1850
f 1840 1850 1835
f 1855 1840 1839
f 1855 1839 1854
f 1856 1842 1857
f 1858 1843 1844
f 1858 1844 1859
f 1843 1858 1857
f 1843 1857 1842
f 1860 1845 1846
f 1860 1846 1861
f 1845 1860 1859
f 1845 1859 1844
f 1847 1862 1863
f 1847 1863 1848
f 1849 1864 1862
f 1849 1862 1847
f 1864 1849 1850
f 1864 1850 1865
f 1861 1846 1848
f 1861 1848 1863
f 1866 1851 1852
f 1866 1852 1867
f 1853 1868 1869
f 1853 1869 1854
f 1868 1853 1851
f 1868 1851 1866
f 1855 1870 1865
f 1855 1865 1850
f 1870 1855 1854
f 1870 1854 1869
f 1871 1857 1872
f 1873 1858 1859
f 1873 1859 1874
f 1858 1873 1872
f 1858 1872 1857
f 1875 1860 1861
f 1875 1861 1876
f 1860 1875 1874
f 1860 1874 1859
f 1862 1877 1878
f 1862 1878 1863
f 1864 1879 1877
f 1864 1877 1862
f 1879 1864 1865
f 1879 1865 1880
f 1876 1861 1863
f 1876 1863 1878
f 1881 1866 1867
f 1881 1867 1882
f 1868 1883 1884
f 1868 1884 1869
f 1883 1868 1866
f 1883 1866 1881
f 1870 1885 1880
f 1870 1880 1865
f 1885 1870 1869
f 1885 1869 1884
f 1886 1873 1874
f 1886 1874 1887
f 1888 1873 1886
f 1889 1875 1876
f 1889 1876 1890
f 1875 1889 1887
f 1875 1887 1874
f 1877 1891 1892
f 1877 1892 1878
f 1879 1893 1891
f 1879 1891 1877
f 1893 1879 1880
f 1893 1880 1894
f 1890 1876 1878
f 1890 1878 1892
f 1881 1882 1895
f 1883 1896 1897
f 1883 1897 1884
f 1898 1896 1883
f 1898 1883 1881
f 1898 1881 1895
f 1898 1895 1899
f 1885 1900 1894
f 1885 1894 1880
f 1900 1885 1884
f 1900 1884 1897
f 1901 1895 1902
f 1899 1895 1901
f 1903 1886 1887
f 1903 1887 1904
f 1903 1904 1905
f 1906 1886 1903
f 1889 1890 1904
f 1889 1904 1887
f 1905 1904 1907
f 1891 1908 1909
f 1891 1909 1892
f 1893 1910 1908
f 1893 1908 1891
f 1910 1893 1894
f 1910 1894 1911
f 1890 1892 1909
f 1890 1909 1907
f 1890 1907 1904
f 1896 1912 1913
f 1896 1913 1897
f 1898 1914 1912
f 1898 1912 1896
f 1914 1898 1899
f 1914 1899 1915
f 1900 1916 1911
f 1900 1911 1894
f 1916 1900 1897
f 1916 1897 1913
f 1917 1901 1902
f 1917 1902 1918
f 1915 1899 1901
f 1915 1901 1917
f 1919 1905 1920
f 1920 1905 1907
f 1920 1907 1921
f 1908 1922 1923
f 1908 1923 1909
f 1910 1924 1922
f 1910 1922 1908
f 1924 1910 1911
f 1924 1911 1925
f 1909 1923 1921
f 1909 1921 1907
f 1912 1926 1927
f 1912 1927 1913
f 1914 1928 1926
f 1914 1926 1912
f 1928 1914 1915
f 1928 1915 1929
f 1916 1930 1925
f 1916 1925 1911
f 1930 1916 1913
f 1930 1913 1927
f 1931 1917 1918
f 1931 1918 1932
f 1929 1915 1917
f 1929 1917 1931
f 1933 1920 1934
f 1934 1920 1921
f 1934 1921 1935
f 1922 1936 1937
f 1922 1937 1923
f 1924 1938 1936
f 1924 1936 1922
f 1938 1924 1925
f 1938 1925 1939
f 1923 1937 1935
f 1923 1935 1921
f 1926 1940 1941
f 1926 1941 1927
f 1928 1942 1940
f 1928 1940 1926
f 1942 1928 1929
f 1942 1929 1943
f 1930 1944 1939
f 1930 1939 1925
f 1944 1930 1927
f 1944 1927 1941
f 1945 1946 1931
f 1945 1931 1932
f 1945 1932 1947
f 1943 1929 1931
f 1943 1931 1946
f 1948 1945 1947
f 1948 1947 1949
f 1950 1934 1951
f 1951 1934 1935
f 1951 1935 1952
f 1936 1953 1954
f 1936 1954 1937
f 1938 1955 1953
f 1938 1953 1936
f 1955 1938 1939
f 1955 1939 1956
f 1937 1954 1952
f 1937 1952 1935
f 1940 1957 1958
f 1940 1958 1941
f 1942 1959 1957
f 1942 1957 1940
f 1960 1959 1942
f 1960 1942 1943
f 1960 1943 1961
f 1944 1962 1956
f 1944 1956 1939
f 1962 1944 1941
f 1962 1941 1958
f 1945 1963 1946
f 1961 1943 1946
f 1961 1946 1963
f 1964 1960 1961
f 1964 1961 1965
f 1948 1966 1967
f 1948 1967 1963
f 1948 1963 1945
f 1966 1948 1949
f 1966 1949 1968
f 1969 1965 1961
f 1969 1961 1963
f 1969 1963 1967
f 1970 1951 1971
f 1971 1951 1952
f 1971 1952 1972
f 1953 1973 1974
f 1953 1974 1954
f 1955 1975 1973
f 1955 1973 1953
f 1975 1955 1956
f 1975 1956 1976
f 1954 1974 1972
f 1954 1972 1952
f 1957 1977 1978
f 1957 1978 1958
f 1959 1979 1977
f 1959 1977 1957
f 1960 1980 1979
f 1960 1979 1959
f 1962 1981 1976
f 1962 1976 1956
f 1981 1962 1958
f 1981 1958 1978
f 1964 1982 1980
f 1964 1980 1960
f 1982 1964 1965
f 1982 1965 1983
f 1966 1984 1985
f 1966 1985 1967
f 1984 1966 1968
f 1984 1968 1986
f 1969 1987 1983
f 1969 1983 1965
f 1987 1969 1967
f 1987 1967 1985
f 1988 1972 1989
f 1973 1990 1991
f 1973 1991 1974
f 1975 1992 1990
f 1975 1990 1973
f 1992 1975 1976
f 1992 1976 1993
f 1974 1991 1989
f 1974 1989 1972
f 1977 1994 1995
f 1977 1995 1978
f 1979 1996 1994
f 1979 1994 1977
f 1980 1997 1996
f 1980 1996 1979
f 1981 1998 1993
f 1981 1993 1976
f 1998 1981 1978
f 1998 1978 1995
f 1982 1999 1997
f 1982 1997 1980
f 1999 1982 1983
f 1999 1983 2000
f 1984 2001 2002
f 1984 2002 1985
f 2001 1984 1986
f 2001 1986 2003
f 1987 2004 2000
f 1987 2000 1983
f 2004 1987 1985
f 2004 1985 2002
f 1990 2005 2006
f 1990 2006 1991
f 1992 2007 2005
f 1992 2005 1990
f 2007 1992 1993
f 2007 1993 2008
f 2009 1991 2006
f 1994 2010 2011
f 1994 2011 1995
f 1996 2012 2010
f 1996 2010 1994
f 1997 2013 2012
f 1997 2012 1996
f 1998 2014 2008
f 1998 2008 1993
f 2014 1998 1995
f 2014 1995 2011
f 1999 2015 2013
f 1999 2013 1997
f 2015 1999 2000
f 2015 2000 2016
f 2001 2017 2018
f 2001 2018 2002
f 2019 2017 2001
f 2019 2001 2003
f 2019 2003 2020
f 2019 2020 2021
f 2004 2022 2016
f 2004 2016 2000
f 2022 2004 2002
f 2022 2002 2018
f 2023 2020 2024
f 2021 2020 2023
f 2005 2025 2026
f 2005 2026 2006
f 2007 2027 2025
f 2007 2025 2005
f 2027 2007 2008
f 2027 2008 2028
f 2029 2006 2026
f 2010 2030 2031
f 2010 2031 2011
f 2012 2032 2030
f 2012 2030 2010
f 2013 2033 2032
f 2013 2032 2012
f 2014 2034 2028
f 2014 2028 2008
f 2034 2014 2011
f 2034 2011 2031
f 2015 2035 2033
f 2015 2033 2013
f 2035 2015 2016
f 2035 2016 2036
f 2017 2037 2038
f 2017 2038 2018
f 2019 2039 2037
f 2019 2037 2017
f 2039 2019 2021
f 2039 2021 2040
f 2022 2041 2036
f 2022 2036 2016
f 2041 2022 2018
f 2041 2018 2038
f 2042 2043 2023
f 2042 2023 2024
f 2042 2024 2044
f 2040 2021 2023
f 2040 2023 2043
f 2045 2042 2044
f 2045 2044 2046
f 2025 2047 2048
f 2025 2048 2026
f 2027 2049 2047
f 2027 2047 2025
f 2049 2027 2028
f 2049 2028 2050
f 2051 2026 2048
f 2030 2052 2053
f 2030 2053 2031
f 2032 2054 2052
f 2032 2052 2030
f 2033 2055 2054
f 2033 2054 2032
f 2034 2056 2050
f 2034 2050 2028
f 2056 2034 2031
f 2056 2031 2053
f 2035 2057 2055
f 2035 2055 2033
f 2057 2035 2036
f 2057 2036 2058
f 2037 2059 2060
f 2037 2060 2038
f 2039 2061 2059
f 2039 2059 2037
f 2062 2061 2039
f 2062 2039 2040
f 2062 2040 2063
f 2041 2064 2058
f 2041 2058 2036
f 2064 2041 2038
f 2064 2038 2060
f 2042 2065 2043
f 2063 2040 2043
f 2063 2043 2065
f 2066 2062 2063
f 2066 2063 2067
f 2045 2068 2069
f 2045 2069 2065
f 2045 2065 2042
f 2068 2045 2046
f 2068 2046 2070
f 2071 2067 2063
f 2071 2063 2065
f 2071 2065 2069
f 2047 2072 2073
f 2047 2073 2048
f 2049 2074 2072
f 2049 2072 2047
f 2074 2049 2050
f 2074 2050 2075
f 2076 2048 2073
f 2052 2077 2078
f 2052 2078 2053
f 2054 2079 2077
f 2054 2077 2052
f 2055 2080 2079
f 2055 2079 2054
f 2056 2081 2075
f 2056 2075 2050
f 2081 2056 2053
f 2081 2053 2078
f 2057 2082 2080
f 2057 2080 2055
f 2082 2057 2058
f 2082 2058 2083
f 2059 2084 2085
f 2059 2085 2060
f 2061 2086 2084
f 2061 2084 2059
f 2062 2087 2086
f 2062 2086 2061
f 2064 2088 2083
f 2064 2083 2058
f 2088 2064 2060
f 2088 2060 2085
f 2066 2089 2087
f 2066 2087 2062
f 2089 2066 2067
f 2089 2067 2090
f 2068 2091 2092
f 2068 2092 2069
f 2093 2091 2068
f 2093 2068 2070
f 2093 2070 2094
f 2093 2094 2095
f 2071 2096 2090
f 2071 2090 2067
f 2096 2071 2069
f 2096 2069 2092
f 2097 2098 2094
f 2097 2094 2099
f 2095 2094 2098
f 2100 2097 2099
f 2101 2100 2099
f 2101 2099 2102
f 2101 2102 2103
f 2104 2102 2105
f 2103 2102 2104
f 2072 2106 2107
f 2072 2107 2073
f 2074 2108 2106
f 2074 2106 2072
f 2109 2108 2074
f 2109 2074 2075
f 2109 2075 2110
f 2111 2073 2107
f 2077 2112 2078
f 2079 2112 2077
f 2080 2112 2079
f 2081 2110 2075
f 2110 2081 2078
f 2110 2078 2112
f 2113 2109 2110
f 2113 2110 2114
f 2082 2115 2116
f 2082 2116 2112
f 2082 2112 2080
f 2115 2082 2083
f 2115 2083 2117
f 2118 2114 2110
f 2118 2110 2112
f 2118 2112 2116
f 2084 2119 2120
f 2084 2120 2085
f 2086 2121 2119
f 2086 2119 2084
f 2087 2122 2121
f 2087 2121 2086
f 2088 2123 2117
f 2088 2117 2083
f 2123 2088 2085
f 2123 2085 2120
f 2089 2124 2122
f 2089 2122 2087
f 2124 2089 2090
f 2124 2090 2125
f 2091 2126 2127
f 2091 2127 2092
f 2093 2128 2126
f 2093 2126 2091
f 2129 2128 2093
f 2129 2093 2095
f 2129 2095 2130
f 2096 2131 2125
f 2096 2125 2090
f 2131 2096 2092
f 2131 2092 2127
f 2097 2132 2098
f 2130 2095 2098
f 2130 2098 2132
f 2133 2129 2130
f 2133 2130 2134
f 2100 2135 2136
f 2100 2136 2132
f 2100 2132 2097
f 2101 2137 2135
f 2101 2135 2100
f 2137 2101 2103
f 2137 2103 2138
f 2139 2134 2130
f 2139 2130 2132
f 2139 2132 2136
f 2140 2141 2104
f 2140 2104 2105
f 2140 2105 2142
f 2140 2142 2143
f 2138 2103 2104
f 2138 2104 2141
f 2144 2143 2142
f 2144 2142 2145
f 2146 2144 2145
f 2146 2145 2147
f 2147 2145 2148
f 2149 2146 2147
f 2149 2147 2150
f 2151 2150 2147
f 2152 2151 2147
f 2152 2147 2148
f 2153 2152 2148
f 2153 2148 2154
f 2155 2153 2154
f 2155 2154 2156
f 2106 2157 2158
f 2106 2158 2107
f 2108 2159 2157
f 2108 2157 2106
f 2109 2160 2159
f 2109 2159 2108
f 2161 2107 2158
f 2113 2162 2160
f 2113 2160 2109
f 2162 2113 2114
f 2162 2114 2163
f 2115 2164 2165
f 2115 2165 2116
f 2166 2164 2115
f 2166 2115 2117
f 2166 2117 2167
f 2118 2168 2163
f 2118 2163 2114
f 2168 2118 2116
f 2168 2116 2165
f 2119 2169 2120
f 2121 2169 2119
f 2122 2169 2121
f 2123 2167 2117
f 2167 2123 2120
f 2167 2120 2169
f 2170 2166 2167
f 2170 2167 2171
f 2124 2172 2173
f 2124 2173 2169
f 2124 2169 2122
f 2172 2124 2125
f 2172 2125 2174
f 2175 2171 2167
f 2175 2167 2169
f 2175 2169 2173
f 2126 2176 2177
f 2126 2177 2127
f 2128 2178 2176
f 2128 2176 2126
f 2129 2179 2178
f 2129 2178 2128
f 2131 2180 2174
f 2131 2174 2125
f 2180 2131 2127
f 2180 2127 2177
f 2133 2181 2179
f 2133 2179 2129
f 2181 2133 2134
f 2181 2134 2182
f 2135 2183 2184
f 2135 2184 2136
f 2137 2185 2183
f 2137 2183 2135
f 2185 2137 2138
f 2185 2138 2186
f 2139 2187 2182
f 2139 2182 2134
f 2187 2139 2136
f 2187 2136 2184
f 2140 2188 2189
f 2140 2189 2141
f 2190 2188 2140
f 2190 2140 2143
f 2190 2143 2191
f 2186 2138 2141
f 2186 2141 2189
f 2144 2191 2143
f 2146 2191 2144
f 2192 2190 2191
f 2192 2191 2193
f 2149 2194 2193
f 2149 2193 2191
f 2149 2191 2146
f 2194 2149 2150
f 2194 2150 2195
f 2151 2196 2195
f 2151 2195 2150
f 2152 2197 2196
f 2152 2196 2151
f 2153 2198 2197
f 2153 2197 2152
f 2155 2199 2198
f 2155 2198 2153
f 2200 2199 2155
f 2200 2155 2156
f 2200 2156 2201
f 2202 2200 2201
f 2203 2202 2201
f 2203 2201 2204
f 2205 2206 2203
f 2205 2203 2204
f 2205 2204 2207
f 2205 2207 2208
f 2206 2205 2209
f 2210 2209 2205
f 2210 2205 2208
f 2211 2210 2208
f 2211 2208 2212
f 2213 2211 2212
f 2213 2212 2214
f 2215 2213 2214
f 2215 2214 2216
f 2217 2215 2216
f 2217 2216 2218
f 2219 2217 2218
f 2219 2218 2220
f 2221 2219 2220
f 2221 2220 2222
f 2223 2224 2221
f 2223 2221 2222
f 2223 2222 2225
f 2226 2224 2223
f 2223 2225 2227
f 2228 2226 2223
f 2228 2223 2227
f 2229 2228 2227
f 2229 2227 2230
f 2231 2229 2230
f 2232 2231 2230
f 2232 2230 2233
f 2234 2232 2233
f 2235 2234 2233
f 2235 2233 2236
f 2237 2235 2236
f 2238 2237 2236
f 2238 2236 2239
f 2240 2238 2239
f 2241 2240 2239
f 2241 2239 2242
f 2243 2241 2242
f 2244 2243 2242
f 2244 2242 2245
f 2246 2244 2245
f 2246 2245 2247
f 2248 2246 2247
f 2248 2247 2249
f 2157 2250 2251
f 2157 2251 2158
f 2159 2252 2250
f 2159 2250 2157
f 2160 2253 2252
f 2160 2252 2159
f 2254 2158 2251
f 2162 2255 2253
f 2162 2253 2160
f 2255 2162 2163
f 2255 2163 2256
f 2164 2257 2258
f 2164 2258 2165
f 2166 2259 2257
f 2166 2257 2164
f 2168 2260 2256
f 2168 2256 2163
f 2260 2168 2165
f 2260 2165 2258
f 2170 2261 2259
f 2170 2259 2166
f 2261 2170 2171
f 2261 2171 2262
f 2172 2263 2264
f 2172 2264 2173
f 2265 2263 2172
f 2265 2172 2174
f 2265 2174 2266
f 2175 2267 2262
f 2175 2262 2171
f 2267 2175 2173
f 2267 2173 2264
f 2176 2268 2177
f 2178 2268 2176
f 2179 2268 2178
f 2180 2266 2174
f 2266 2180 2177
f 2266 2177 2268
f 2269 2265 2266
f 2269 2266 2270
f 2181 2271 2272
f 2181 2272 2268
f 2181 2268 2179
f 2271 2181 2182
f 2271 2182 2273
f 2274 2270 2266
f 2274 2266 2268
f 2274 2268 2272
f 2183 2275 2276
f 2183 2276 2184
f 2185 2277 2275
f 2185 2275 2183
f 2278 2277 2185
f 2278 2185 2186
f 2278 2186 2279
f 2187 2280 2273
f 2187 2273 2182
f 2280 2187 2184
f 2280 2184 2276
f 2188 2281 2189
f 2190 2281 2188
f 2279 2186 2189
f 2279 2189 2281
f 2282 2278 2279
f 2282 2279 2283
f 2192 2284 2285
f 2192 2285 2281
f 2192 2281 2190
f 2284 2192 2193
f 2284 2193 2286
f 2287 2283 2279
f 2287 2279 2281
f 2287 2281 2285
f 2194 2288 2286
f 2194 2286 2193
f 2288 2194 2195
f 2288 2195 2289
f 2196 2290 2289
f 2196 2289 2195
f 2197 2291 2290
f 2197 2290 2196
f 2198 2292 2291
f 2198 2291 2197
f 2199 2293 2292
f 2199 2292 2198
f 2200 2294 2293
f 2200 2293 2199
f 2202 2295 2296
f 2202 2296 2294
f 2202 2294 2200
f 2203 2295 2202
f 2206 2295 2203
f 2296 2295 2297
f 2206 2209 2298
f 2206 2298 2297
f 2206 2297 2295
f 2210 2299 2298
f 2210 2298 2209
f 2211 2300 2299
f 2211 2299 2210
f 2213 2301 2300
f 2213 2300 2211
f 2215 2302 2301
f 2215 2301 2213
f 2217 2303 2302
f 2217 2302 2215
f 2219 2304 2303
f 2219 2303 2217
f 2221 2305 2304
f 2221 2304 2219
f 2224 2306 2305
f 2224 2305 2221
f 2226 2307 2308
f 2226 2308 2306
f 2226 2306 2224
f 2309 2310 2308
f 2309 2308 2307
f 2311 2312 2310
f 2311 2310 2309
f 2313 2312 2311
f 2228 2307 2226
f 2229 2307 2228
f 2231 2309 2307
f 2231 2307 2229
f 2232 2309 2231
f 2234 2311 2309
f 2234 2309 2232
f 2235 2311 2234
f 2237 2314 2313
f 2237 2313 2311
f 2237 2311 2235
f 2238 2315 2314
f 2238 2314 2237
f 2240 2316 2315
f 2240 2315 2238
f 2241 2317 2316
f 2241 2316 2240
f 2318 2319 2320
f 2243 2319 2318
f 2243 2318 2317
f 2243 2317 2241
f 2244 2319 2243
f 2321 2322 2323
f 2322 2321 2320
f 2322 2320 2319
f 2324 2325 2326
f 2325 2324 2323
f 2325 2323 2322
f 2327 2328 2329
f 2328 2327 2326
f 2328 2326 2325
f 2330 2331 2332
f 2333 2331 2330
f 2334 2329 2328
f 2335 2334 2328
f 2335 2328 2332
f 2336 2335 2332
f 2336 2332 2331
f 2337 2338 2331
f 2339 2337 2331
f 2339 2331 2333
f 2340 2336 2331
f 2340 2331 2338
f 2246 2319 2244
f 2341 2342 2343
f 2344 2342 2341
f 2248 2322 2319
f 2248 2319 2246
f 2322 2248 2249
f 2322 2249 2342
f 2325 2322 2342
f 2325 2342 2344
f 2345 2341 2343
f 2345 2343 2346
f 2347 2344 2341
f 2347 2341 2345
f 2328 2325 2344
f 2328 2344 2347
f 2348 2345 2346
f 2348 2346 2349
f 2330 2332 2347
f 2330 2347 2345
f 2333 2330 2345
f 2333 2345 2348
f 2328 2347 2332
f 2350 2348 2349
f 2350 2349 2351
f 2352 2339 2333
f 2352 2333 2348
f 2353 2352 2348
f 2354 2353 2348
f 2354 2348 2350
f 2355 2356 2350
f 2355 2350 2351
f 2355 2351 2357
f 2358 2354 2350
f 2359 2358 2350
f 2359 2350 2356
f 2250 2360 2251
f 2252 2361 2360
f 2252 2360 2250
f 2253 2362 2361
f 2253 2361 2252
f 2255 2363 2362
f 2255 2362 2253
f 2364 2363 2255
f 2364 2255 2256
f 2364 2256 2365
f 2257 2366 2258
f 2259 2366 2257
f 2260 2365 2256
f 2365 2260 2258
f 2365 2258 2366
f 2367 2364 2365
f 2367 2365 2368
f 2261 2369 2370
f 2261 2370 2366
f 2261 2366 2259
f 2371 2369 2261
f 2371 2261 2262
f 2371 2262 2372
f 2373 2368 2365
f 2373 2365 2366
f 2373 2366 2370
f 2263 2374 2264
f 2265 2374 2263
f 2267 2372 2262
f 2372 2267 2264
f 2372 2264 2374
f 2375 2371 2372
f 2375 2372 2376
f 2269 2377 2378
f 2269 2378 2374
f 2269 2374 2265
f 2377 2269 2270
f 2377 2270 2379
f 2380 2376 2372
f 2380 2372 2374
f 2380 2374 2378
f 2271 2381 2382
f 2271 2382 2272
f 2383 2381 2271
f 2383 2271 2273
f 2383 2273 2384
f 2274 2385 2379
f 2274 2379 2270
f 2385 2274 2272
f 2385 2272 2382
f 2275 2386 2276
f 2277 2386 2275
f 2278 2386 2277
f 2280 2384 2273
f 2384 2280 2276
f 2384 2276 2386
f 2387 2383 2384
f 2387 2384 2388
f 2282 2389 2390
f 2282 2390 2386
f 2282 2386 2278
f 2389 2282 2283
f 2389 2283 2391
f 2392 2388 2384
f 2392 2384 2386
f 2392 2386 2390
f 2284 2393 2394
f 2284 2394 2285
f 2393 2284 2286
f 2393 2286 2395
f 2287 2396 2391
f 2287 2391 2283
f 2396 2287 2285
f 2396 2285 2394
f 2288 2397 2395
f 2288 2395 2286
f 2398 2397 2288
f 2398 2288 2289
f 2398 2289 2399
f 2290 2400 2399
f 2290 2399 2289
f 2291 2400 2290
f 2292 2400 2291
f 2293 2401 2400
f 2293 2400 2292
f 2294 2401 2293
f 2296 2401 2294
f 2398 2399 2402
f 2400 2403 2402
f 2400 2402 2399
f 2401 2404 2403
f 2401 2403 2400
f 2296 2297 2405
f 2296 2405 2404
f 2296 2404 2401
f 2298 2406 2405
f 2298 2405 2297
f 2299 2407 2406
f 2299 2406 2298
f 2300 2408 2407
f 2300 2407 2299
f 2301 2409 2408
f 2301 2408 2300
f 2302 2410 2409
f 2302 2409 2301
f 2303 2411 2410
f 2303 2410 2302
f 2304 2412 2411
f 2304 2411 2303
f 2305 2413 2412
f 2305 2412 2304
f 2306 2414 2413
f 2306 2413 2305
f 2308 2415 2414
f 2308 2414 2306
f 2310 2416 2415
f 2310 2415 2308
f 2312 2417 2310
f 2313 2418 2419
f 2313 2419 2312
f 2420 2421 2418
f 2422 2423 2420
f 2424 2425 2422
f 2426 2425 2424
f 2427 2428 2426
f 2429 2430 2427
f 2431 2432 2429
f 2433 2434 2431
f 2314 2418 2313
f 2315 2418 2314
f 2316 2420 2418
f 2316 2418 2315
f 2317 2420 2316
f 2318 2320 2422
f 2318 2422 2420
f 2318 2420 2317
f 2321 2323 2424
f 2321 2424 2422
f 2321 2422 2320
f 2324 2326 2426
f 2324 2426 2424
f 2324 2424 2323
f 2327 2329 2427
f 2327 2427 2426
f 2327 2426 2326
f 2334 2429 2427
f 2334 2427 2329
f 2335 2429 2334
f 2336 2429 2335
f 2337 2435 2436
f 2337 2436 2338
f 2339 2435 2337
f 2437 2436 2435
f 2340 2431 2429
f 2340 2429 2336
f 2431 2340 2338
f 2431 2338 2436
f 2438 2439 2436
f 2438 2436 2437
f 2440 2439 2438
f 2433 2431 2436
f 2433 2436 2439
f 2441 2442 2439
f 2441 2439 2440
f 2443 2442 2441
f 2444 2439 2442
f 2445 2446 2442
f 2445 2442 2443
f 2447 2446 2445
f 2448 2442 2446
f 2449 2450 2446
f 2449 2446 2447
f 2451 2450 2449
f 2452 2446 2450
f 2453 2454 2450
f 2453 2450 2451
f 2455 2454 2453
f 2456 2450 2454
f 2457 2458 2454
f 2457 2454 2455
f 2459 2458 2457
f 2460 2454 2458
f 2461 2462 2458
f 2461 2458 2459
f 2463 2464 2462
f 2463 2462 2461
f 2465 2458 2462
f 2466 2467 2468
f 2466 2468 2462
f 2466 2462 2464
f 2469 2468 2467
f 2470 2462 2468
f 2471 2472 2473
f 2471 2473 2468
f 2471 2468 2469
f 2474 2473 2472
f 2475 2468 2473
f 2476 2477 2478
f 2476 2478 2473
f 2476 2473 2474
f 2479 2478 2477
f 2480 2473 2478
f 2481 2478 2479
f 2482 2483 2481
f 2484 2485 2482
f 2486 2487 2484
f 2352 2435 2339
f 2353 2437 2435
f 2353 2435 2352
f 2354 2437 2353
f 2355 2488 2356
f 2488 2355 2357
f 2488 2357 2489
f 2358 2438 2437
f 2358 2437 2354
f 2359 2440 2438
f 2359 2438 2358
f 2440 2359 2356
f 2440 2356 2488
f 2490 2488 2489
f 2490 2489 2491
f 2441 2440 2488
f 2443 2441 2488
f 2443 2488 2490
f 2492 2490 2491
f 2492 2491 2493
f 2445 2443 2490
f 2447 2445 2490
f 2447 2490 2492
f 2494 2492 2493
f 2494 2493 2495
f 2449 2447 2492
f 2451 2449 2492
f 2451 2492 2494
f 2496 2494 2495
f 2497 2496 2495
f 2497 2495 2498
f 2453 2451 2494
f 2455 2453 2494
f 2455 2494 2496
f 2499 2496 2497
f 2457 2455 2496
f 2459 2457 2496
f 2500 2459 2496
f 2500 2496 2499
f 2501 2461 2459
f 2501 2459 2500
f 2463 2461 2501
f 2502 2360 2503
f 2361 2504 2503
f 2361 2503 2360
f 2362 2505 2504
f 2362 2504 2361
f 2363 2506 2505
f 2363 2505 2362
f 2364 2507 2506
f 2364 2506 2363
f 2367 2508 2507
f 2367 2507 2364
f 2509 2508 2367
f 2509 2367 2368
f 2509 2368 2510
f 2369 2511 2370
f 2371 2511 2369
f 2373 2510 2368
f 2510 2373 2370
f 2510 2370 2511
f 2512 2509 2510
f 2512 2510 2513
f 2375 2514 2515
f 2375 2515 2511
f 2375 2511 2371
f 2516 2514 2375
f 2516 2375 2376
f 2516 2376 2517
f 2518 2513 2510
f 2518 2510 2511
f 2518 2511 2515
f 2377 2519 2378
f 2519 2377 2379
f 2519 2379 2520
f 2380 2517 2376
f 2517 2380 2378
f 2517 2378 2519
f 2381 2521 2382
f 2383 2521 2381
f 2385 2520 2379
f 2520 2385 2382
f 2520 2382 2521
f 2522 2516 2517
f 2522 2517 2523
f 2524 2525 2519
f 2524 2519 2520
f 2526 2524 2520
f 2526 2520 2527
f 2528 2523 2517
f 2528 2517 2519
f 2528 2519 2525
f 2387 2529 2521
f 2387 2521 2383
f 2529 2387 2388
f 2529 2388 2530
f 2527 2520 2521
f 2527 2521 2529
f 2389 2531 2390
f 2531 2389 2391
f 2531 2391 2532
f 2392 2530 2388
f 2530 2392 2390
f 2530 2390 2531
f 2393 2533 2394
f 2533 2393 2395
f 2533 2395 2534
f 2396 2532 2391
f 2532 2396 2394
f 2532 2394 2533
f 2397 2534 2395
f 2398 2534 2397
f 2526 2527 2535
f 2536 2529 2530
f 2536 2530 2537
f 2538 2527 2529
f 2538 2529 2536
f 2535 2527 2538
f 2539 2531 2532
f 2539 2532 2540
f 2541 2530 2531
f 2541 2531 2539
f 2537 2530 2541
f 2542 2533 2534
f 2542 2534 2543
f 2544 2532 2533
f 2544 2533 2542
f 2540 2532 2544
f 2543 2534 2398
f 2543 2398 2402
f 2543 2402 2545
f 2403 2546 2545
f 2403 2545 2402
f 2404 2547 2546
f 2404 2546 2403
f 2405 2548 2404
f 2406 2549 2405
f 2407 2550 2406
f 2408 2550 2407
f 2409 2551 2408
f 2410 2552 2409
f 2411 2553 2410
f 2412 2554 2411
f 2413 2555 2412
f 2414 2556 2413
f 2415 2557 2414
f 2416 2558 2415
f 2463 2559 2464
f 2466 2560 2467
f 2560 2466 2464
f 2560 2464 2559
f 2561 2469 2467
f 2561 2467 2560
f 2471 2562 2472
f 2562 2471 2469
f 2562 2469 2561
f 2563 2474 2472
f 2563 2472 2562
f 2476 2564 2477
f 2564 2476 2474
f 2564 2474 2563
f 2565 2479 2477
f 2565 2477 2564
f 2566 2481 2479
f 2566 2479 2565
f 2567 2482 2481
f 2567 2481 2566
f 2568 2484 2482
f 2568 2482 2567
f 2569 2486 2484
f 2569 2484 2568
f 2570 2571 2572
f 2570 2572 2569
f 2573 2574 2571
f 2575 2574 2573
f 2576 2577 2575
f 2578 2579 2576
f 2580 2581 2578
f 2582 2583 2580
f 2584 2585 2582
f 2586 2587 2584
f 2588 2589 2586
f 2590 2591 2588
f 2592 2593 2590
f 2594 2595 2592
f 2596 2597 2594
f 2497 2498 2598
f 2599 2499 2497
f 2599 2497 2598
f 2599 2598 2600
f 2500 2499 2599
f 2601 2599 2600
f 2601 2600 2602
f 2501 2500 2599
f 2559 2463 2501
f 2559 2501 2599
f 2559 2599 2601
f 2603 2601 2602
f 2603 2602 2604
f 2560 2559 2601
f 2561 2560 2601
f 2561 2601 2603
f 2605 2603 2604
f 2606 2605 2604
f 2606 2604 2607
f 2562 2561 2603
f 2563 2562 2603
f 2563 2603 2605
f 2608 2609 2610
f 2608 2610 2605
f 2611 2612 2608
f 2611 2608 2605
f 2611 2605 2606
f 2613 2612 2611
f 2564 2563 2605
f 2565 2564 2605
f 2565 2605 2610
f 2614 2615 2616
f 2609 2614 2616
f 2609 2616 2610
f 2566 2565 2610
f 2566 2610 2616
f 2615 2617 2616
f 2567 2566 2616
f 2618 2567 2616
f 2618 2616 2617
f 2619 2620 2568
f 2619 2568 2567
f 2619 2567 2618
f 2621 2569 2568
f 2621 2568 2620
f 2622 2569 2621
f 2570 2569 2622
f 2606 2607 2623
f 2611 2606 2623
f 2624 2613 2611
f 2624 2611 2623
f 2624 2623 2625
f 2626 2503 2627
f 2504 2628 2627
f 2504 2627 2503
f 2505 2629 2628
f 2505 2628 2504
f 2506 2630 2631
f 2506 2631 2629
f 2506 2629 2505
f 2507 2630 2506
f 2632 2631 2630
f 2633 2634 2635
f 2508 2636 2630
f 2508 2630 2507
f 2509 2636 2508
f 2635 2634 2632
f 2635 2632 2630
f 2635 2630 2636
f 2637 2638 2639
f 2640 2641 2633
f 2640 2633 2635
f 2640 2635 2642
f 2643 2639 2638
f 2639 2643 2641
f 2639 2641 2640
f 2512 2644 2636
f 2512 2636 2509
f 2644 2512 2513
f 2644 2513 2645
f 2642 2635 2636
f 2642 2636 2644
f 2514 2646 2515
f 2516 2646 2514
f 2518 2645 2513
f 2645 2518 2515
f 2645 2515 2646
f 2647 2637 2639
f 2647 2639 2648
f 2647 2648 2649
f 2650 2640 2642
f 2650 2642 2651
f 2648 2639 2640
f 2648 2640 2650
f 2652 2644 2645
f 2652 2645 2653
f 2651 2642 2644
f 2651 2644 2652
f 2522 2654 2646
f 2522 2646 2516
f 2654 2522 2523
f 2654 2523 2655
f 2653 2645 2646
f 2653 2646 2654
f 2524 2656 2525
f 2526 2656 2524
f 2528 2655 2523
f 2655 2528 2525
f 2655 2525 2656
f 1541 2657 2658
f 1541 2658 2659
f 1541 2659 2660
f 1541 2660 1543
f 2661 2659 2658
f 2649 2648 2659
f 2649 2659 2661
f 2662 2660 2659
f 2662 2659 2663
f 2650 2651 2663
f 2648 2650 2663
f 2648 2663 2659
f 2664 2662 2663
f 2664 2663 2665
f 2652 2653 2665
f 2651 2652 2665
f 2651 2665 2663
f 2666 2665 2667
f 2654 2655 2667
f 2653 2654 2667
f 2653 2667 2665
f 2668 2667 2669
f 2656 2526 2535
f 2656 2535 2669
f 2655 2656 2669
f 2655 2669 2667
f 2670 2669 2671
f 2536 2537 2671
f 2538 2536 2671
f 2535 2538 2671
f 2535 2671 2669
f 2672 2671 2673
f 2539 2540 2673
f 2541 2539 2673
f 2537 2541 2673
f 2537 2673 2671
f 2674 2673 2675
f 2542 2543 2675
f 2544 2542 2675
f 2540 2544 2675
f 2540 2675 2673
f 2543 2545 2675
f 2546 2676 2545
f 2547 2677 2546
f 1547 2660 2678
f 1547 2678 1548
f 1543 2660 1547
f 2662 2679 2660
f 2664 2680 2662
f 2570 2681 2571
f 2573 2571 2681
f 2573 2681 2678
f 2575 2573 2678
f 2575 2678 2682
f 2576 2575 2682
f 2576 2682 2683
f 2578 2576 2683
f 2578 2683 2684
f 2580 2578 2684
f 2580 2684 2685
f 2582 2580 2685
f 2582 2685 2686
f 2584 2582 2686
f 2584 2686 2687
f 2586 2584 2687
f 2586 2687 2688
f 2588 2586 2688
f 2588 2688 2689
f 2590 2588 2689
f 2590 2689 2690
f 2592 2590 2690
f 2592 2690 2691
f 2594 2592 2691
f 2594 2691 2692
f 2596 2594 2692
f 2596 2692 2693
f 2694 2693 2695
f 2696 2695 2697
f 2698 2697 2699
f 2700 2699 2701
f 2702 2701 2703
f 2704 2703 2705
f 2706 2705 2707
f 1549 1551 2708
f 1549 2708 2709
f 1552 1554 2708
f 1552 2708 1551
f 1548 2678 2708
f 1548 2708 1554
f 2608 2710 2609
f 2612 2710 2608
f 2613 2709 2710
f 2613 2710 2612
f 2614 2710 2711
f 2614 2711 2615
f 2609 2710 2614
f 2711 2712 2713
f 2615 2711 2713
f 2615 2713 2617
f 2618 2617 2713
f 2712 2708 2713
f 2619 2714 2620
f 2714 2619 2618
f 2714 2618 2713
f 2714 2713 2708
f 2621 2620 2714
f 2622 2621 2714
f 2622 2714 2715
f 2681 2570 2622
f 2681 2622 2715
f 2681 2715 2716
f 2681 2716 2678
f 1555 1549 2709
f 1557 1555 2709
f 1557 2709 2717
f 1557 2717 1558
f 2624 2709 2613
f 2709 2624 2625
f 2709 2625 2717
f 2718 2627 2719
f 2628 2720 2719
f 2628 2719 2627
f 2629 2721 2720
f 2629 2720 2628
f 2722 2723 2724
f 2631 2725 2721
f 2631 2721 2629
f 2726 2724 2723
f 2632 2724 2726
f 2632 2726 2725
f 2632 2725 2631
f 2727 2728 2729
f 2730 2731 2722
f 2730 2722 2724
f 2633 2730 2724
f 2633 2724 2634
f 2732 2729 2728
f 2729 2732 2731
f 2729 2731 2730
f 2634 2724 2632
f 2733 2727 2729
f 2637 1530 2734
f 2637 2734 2733
f 2637 2733 2729
f 2637 2729 2638
f 2641 2730 2633
f 2643 2638 2729
f 2643 2729 2730
f 2643 2730 2641
f 2647 1537 1530
f 2647 1530 2637
f 1537 2647 2649
f 1537 2649 1538
f 2657 1542 2658
f 1544 2661 2658
f 1544 2658 1542
f 1538 2649 2661
f 1538 2661 1544
f 2735 2736 2737
f 2738 2719 2739
f 2738 2739 2740
f 2720 2739 2719
f 2721 2739 2720
f 2737 2736 2740
f 2737 2740 2739
f 2741 2742 2743
f 2744 2745 2746
f 2745 2744 2735
f 2745 2735 2737
f 2722 2745 2737
f 2722 2737 2723
f 2743 2742 2746
f 2743 2746 2745
f 2725 2739 2721
f 2726 2723 2737
f 2726 2737 2739
f 2726 2739 2725
f 2747 2741 2743
f 2727 1521 2748
f 2727 2748 2747
f 2727 2747 2743
f 2727 2743 2728
f 2731 2745 2722
f 2732 2728 2743
f 2732 2743 2745
f 2732 2745 2731
f 2733 1528 1521
f 2733 1521 2727
f 2734 1528 2733
f 2735 2749 2750
f 2735 2750 2751
f 2735 2751 2736
f 2752 2750 2749
f 2752 2749 2753
f 2754 2740 2755
f 2736 2751 2755
f 2736 2755 2740
f 2741 2756 2757
f 2741 2757 2742
f 2758 2759 2757
f 2758 2757 2756
f 2760 2758 2756
f 2760 2756 1512
f 2761 2757 2759
f 2744 2746 2757
f 2744 2757 2749
f 2744 2749 2735
f 2742 2757 2746
f 2753 2749 2757
f 2753 2757 2761
f 2747 1518 1520
f 2747 1520 2756
f 2747 2756 2741
f 2748 1518 2747
f 1522 2756 1520
f 1512 2756 1522
f 2750 2762 2751
f 2752 2763 2764
f 2752 2764 2762
f 2752 2762 2750
f 2763 2752 2753
f 2763 2753 2765
f 2766 2762 2764
f 2767 2755 2762
f 2767 2762 2768
f 2751 2762 2755
f 2768 2762 2766
f 2758 2769 2770
f 2758 2770 2759
f 2760 2771 2769
f 2760 2769 2758
f 2772 2761 2759
f 2772 2759 2770
f 2765 2753 2761
f 2765 2761 2772
f 2773 2774 2775
f 2763 2776 2777
f 2763 2777 2764
f 2778 2776 2763
f 2778 2763 2765
f 2778 2765 2774
f 2778 2774 2773
f 2779 2766 2764
f 2779 2764 2777
f 2780 2768 2781
f 2781 2768 2766
f 2781 2766 2779
f 2769 2782 2783
f 2769 2783 2770
f 2771 2784 2782
f 2771 2782 2769
f 2775 2774 2772
f 2775 2772 2770
f 2775 2770 2783
f 2765 2772 2774
f 2785 2786 2787
f 2785 2787 1505
f 2788 2789 2773
f 2788 2773 2775
f 2788 2775 2787
f 2788 2787 2786
f 2776 2790 2791
f 2776 2791 2777
f 2778 2792 2790
f 2778 2790 2776
f 2792 2778 2773
f 2792 2773 2789
f 2793 2779 2777
f 2793 2777 2791
f 2794 2781 2795
f 2795 2781 2779
f 2795 2779 2793
f 2782 2787 2783
f 2784 1511 2787
f 2784 2787 2782
f 1505 2787 1511
f 2775 2783 2787
f 2785 2796 2797
f 2785 2797 2786
f 2788 2798 2799
f 2788 2799 2789
f 2798 2788 2786
f 2798 2786 2797
f 2790 2800 2801
f 2790 2801 2791
f 2792 2802 2800
f 2792 2800 2790
f 2802 2792 2789
f 2802 2789 2799
f 2803 2793 2791
f 2803 2791 2801
f 2804 2795 2805
f 2805 2795 2793
f 2805 2793 2803
f 2796 2806 2807
f 2796 2807 2797
f 2798 2808 2809
f 2798 2809 2799
f 2808 2798 2797
f 2808 2797 2807
f 2800 2810 2811
f 2800 2811 2801
f 2802 2812 2810
f 2802 2810 2800
f 2812 2802 2799
f 2812 2799 2809
f 2813 2803 2801
f 2813 2801 2811
f 2814 2803 2813
f 2806 1504 2807
f 2808 2815 2816
f 2808 2816 2809
f 2817 2815 2808
f 2817 2808 2807
f 2817 2807 1504
f 2810 2818 2819
f 2810 2819 2811
f 2812 2820 2818
f 2812 2818 2810
f 2820 2812 2809
f 2820 2809 2816
f 2821 2811 2819
f 2815 2822 2823
f 2815 2823 2816
f 2817 2824 2822
f 2817 2822 2815
f 2825 2818 2826
f 2820 2827 2826
f 2820 2826 2818
f 2827 2820 2816
f 2827 2816 2823
f 2822 2828 2829
f 2822 2829 2823
f 2824 2830 2828
f 2824 2828 2822
f 2831 2826 2832
f 2827 2833 2832
f 2827 2832 2826
f 2833 2827 2823
f 2833 2823 2829
f 2828 2834 2835
f 2828 2835 2829
f 2830 2836 2834
f 2830 2834 2828
f 2837 2832 2838
f 2833 2839 2838
f 2833 2838 2832
f 2839 2833 2829
f 2839 2829 2835
f 2834 2840 2841
f 2834 2841 2835
f 2836 2842 2840
f 2836 2840 2834
f 2843 2839 2844
f 2844 2839 2835
f 2844 2835 2841
f 2840 2845 2846
f 2840 2846 2841
f 2842 2847 2845
f 2842 2845 2840
f 2848 2844 2849
f 2849 2844 2841
f 2849 2841 2846
f 2845 2850 2851
f 2845 2851 2846
f 2847 2852 2850
f 2847 2850 2845
f 2853 2849 2854
f 2854 2849 2846
f 2854 2846 2851
f 2850 2855 2856
f 2850 2856 2851
f 2852 2857 2855
f 2852 2855 2850
f 2858 2854 2859
f 2859 2854 2851
f 2859 2851 2856
f 2855 2860 2861
f 2855 2861 2856
f 2857 2862 2860
f 2857 2860 2855
f 2863 2856 2861
f 2860 2864 2865
f 2860 2865 2861
f 2862 2866 2864
f 2862 2864 2860
f 2867 2861 2865
f 2864 2868 2869
f 2864 2869 2865
f 2866 2870 2868
f 2866 2868 2864
f 2871 2865 2869
f 2872 2868 2873
f 2870 2874 2873
f 2870 2873 2868
f 2875 2874 2876
f 2877 2876 2878
f 2879 2878 2880
f 2881 2880 2882
f 2883 2884 1499
f 2885 2882 1499
f 2885 1499 2884
f 2883 2886 2887
f 2883 2887 2884
f 2888 2884 2887
f 2886 2889 2890
f 2886 2890 2887
f 2891 2887 2890
f 2892 2889 2893
f 2894 2893 2895
f 2896 5 4
f 2897 2896 4
f 2897 4 1441
f 2897 1441 1440
f 2898 2899 2900
f 2899 2898 124
f 2899 124 123
f 2901 2902 2900
f 2901 2900 2899
f 2903 2902 2901
f 2903 2901 1559
f 2903 1559 1558
f 2904 2899 123
f 2904 123 127
f 2905 2901 2899
f 2905 2899 2904
f 2901 2905 1562
f 2901 1562 1559
f 2906 2904 127
f 2906 127 130
f 2907 2905 2904
f 2907 2904 2906
f 2905 2907 1565
f 2905 1565 1562
f 2908 2906 130
f 2908 130 133
f 2909 2907 2906
f 2909 2906 2908
f 2907 2909 1568
f 2907 1568 1565
f 2910 2908 133
f 2910 133 136
f 2911 2909 2908
f 2911 2908 2910
f 2909 2911 1571
f 2909 1571 1568
f 2912 2910 136
f 2912 136 139
f 2913 2911 2910
f 2913 2910 2912
f 2911 2913 1574
f 2911 1574 1571
f 2914 2912 139
f 2914 139 142
f 2915 2913 2912
f 2915 2912 2914
f 2913 2915 1577
f 2913 1577 1574
f 2916 2914 142
f 2916 142 145
f 2917 2915 2914
f 2917 2914 2916
f 2915 2917 1580
f 2915 1580 1577
f 2918 2916 145
f 2918 145 148
f 2919 2917 2916
f 2919 2916 2918
f 2917 2919 1583
f 2917 1583 1580
f 2920 2918 148
f 2920 148 151
f 2921 2919 2918
f 2921 2918 2920
f 2919 2921 1586
f 2919 1586 1583
f 2922 2920 151
f 2922 151 154
f 2923 2921 2920
f 2923 2920 2922
f 2921 2923 1589
f 2921 1589 1586
f 2924 2922 154
f 2924 154 157
f 2925 2923 2922
f 2925 2922 2924
f 2923 2925 1592
f 2923 1592 1589
f 2926 2924 157
f 2926 157 160
f 2927 2925 2924
f 2927 2924 2926
f 2925 2927 1595
f 2925 1595 1592
f 2928 2926 160
f 2928 160 163
f 2929 2927 2926
f 2929 2926 2928
f 2927 2929 1598
f 2927 1598 1595
f 2930 2928 163
f 2930 163 166
f 2931 2929 2928
f 2931 2928 2930
f 2929 2931 1601
f 2929 1601 1598
f 2932 2930 166
f 2932 166 169
f 2933 2931 2930
f 2933 2930 2932
f 2931 2933 1604
f 2931 1604 1601
f 2934 2932 169
f 2934 169 172
f 2935 2933 2932
f 2935 2932 2934
f 2933 2935 1607
f 2933 1607 1604
f 2936 2934 172
f 2936 172 175
f 2937 2935 2934
f 2937 2934 2936
f 2935 2937 1610
f 2935 1610 1607
f 2938 2936 175
f 2938 175 178
f 2939 2937 2936
f 2939 2936 2938
f 2937 2939 1613
f 2937 1613 1610
f 2940 2938 178
f 2940 178 181
f 2941 2939 2938
f 2941 2938 2940
f 2939 2941 1616
f 2939 1616 1613
f 2896 2940 181
f 2896 181 5
f 2897 2941 2940
f 2897 2940 2896
f 2941 2897 1440
f 2941 1440 1616
f 2942 872 871
f 872 2942 2343
f 872 2343 2342
f 2943 2942 871
f 2943 871 875
f 2942 2943 2346
f 2942 2346 2343
f 2944 2943 875
f 2944 875 878
f 2943 2944 2349
f 2943 2349 2346
f 2945 2944 878
f 2945 878 880
f 2944 2945 2351
f 2944 2351 2349
f 2946 2947 2945
f 2946 2945 880
f 2946 880 884
f 2948 2945 2947
f 2945 2948 2357
f 2945 2357 2351
f 2946 2949 2947
f 2949 2946 884
f 2949 884 1006
f 2948 2947 2949
f 2948 2949 2489
f 2948 2489 2357
f 2950 2949 1006
f 2950 1006 1008
f 2949 2950 2491
f 2949 2491 2489
f 2951 2950 1008
f 2951 1008 1010
f 2950 2951 2493
f 2950 2493 2491
f 2952 2951 1010
f 2952 1010 1012
f 2951 2952 2495
f 2951 2495 2493
f 2953 2954 2952
f 2953 2952 1012
f 2953 1012 1016
f 2955 2952 2954
f 2952 2955 2498
f 2952 2498 2495
f 2953 2956 2954
f 2956 2953 1016
f 2956 1016 1119
f 2955 2954 2956
f 2955 2956 2598
f 2955 2598 2498
f 2957 2956 1119
f 2957 1119 1121
f 2956 2957 2600
f 2956 2600 2598
f 2958 2957 1121
f 2958 1121 1123
f 2957 2958 2602
f 2957 2602 2600
f 2959 2958 1123
f 2959 1123 1125
f 2958 2959 2604
f 2958 2604 2602
f 2960 2961 2959
f 2960 2959 1125
f 2960 1125 1129
f 2962 2959 2961
f 2959 2962 2607
f 2959 2607 2604
f 2960 2963 2961
f 2963 2960 1129
f 2963 1129 1149
f 2962 2961 2963
f 2962 2963 2623
f 2962 2623 2607
f 2964 2965 2963
f 2964 2963 1149
f 2964 1149 1151
f 2966 2963 2965
f 2963 2966 2625
f 2963 2625 2623
f 2898 2900 2967
f 2898 2967 1246
f 2898 1246 124
f 2902 2967 2900
f 2903 2967 2902
f 2967 2903 1558
f 2967 1558 2717
f 2964 2967 2965
f 2967 2964 1151
f 2967 1151 1246
f 2966 2965 2967
f 2966 2967 2717
f 2966 2717 2625
f 4 3 1443
f 4 1443 1441
f 2968 3 7
f 3 2968 1445
f 3 1445 1443
f 2969 2968 7
f 2969 7 11
f 2968 2969 1449
f 2968 1449 1445
f 2970 2969 11
f 2970 11 15
f 2969 2970 1453
f 2969 1453 1449
f 2971 2970 15
f 2971 15 19
f 2970 2971 1457
f 2970 1457 1453
f 2972 2971 19
f 2972 19 23
f 2971 2972 1461
f 2971 1461 1457
f 2973 2972 23
f 2973 23 27
f 2972 2973 1465
f 2972 1465 1461
f 2974 2973 27
f 2974 27 31
f 2973 2974 1469
f 2973 1469 1465
f 2975 2974 31
f 2975 31 35
f 2974 2975 1473
f 2974 1473 1469
f 2976 2975 35
f 2976 35 39
f 2975 2976 1477
f 2975 1477 1473
f 2977 2976 39
f 2977 39 47
f 2976 2977 1485
f 2976 1485 1477
f 2978 2977 47
f 2978 47 57
f 2977 2978 1495
f 2977 1495 1485
f 2979 2978 57
f 2979 57 65
f 2978 2979 1503
f 2978 1503 1495
f 2980 2979 65
f 2980 65 74
f 2979 2980 1510
f 2979 1510 1503
f 2981 2980 74
f 2981 74 81
f 2980 2981 1517
f 2980 1517 1510
f 2982 2981 81
f 2982 81 89
f 2981 2982 1527
f 2981 1527 1517
f 2982 89 98
f 2982 98 1536
f 2982 1536 1527
f 2983 43 42
f 2983 42 1480
f 2983 1480 1479
f 2983 2984 53
f 2983 53 43
f 2984 2983 1479
f 2984 1479 1487
f 2984 2985 61
f 2984 61 53
f 2985 2984 1487
f 2985 1487 1497
f 2985 2986 70
f 2985 70 61
f 2986 2985 1497
f 2986 1497 1506
f 2986 2987 77
f 2986 77 70
f 2987 2986 1506
f 2987 1506 1513
f 2987 2988 85
f 2987 85 77
f 2988 2987 1513
f 2988 1513 1523
f 2988 2989 93
f 2988 93 85
f 2989 2988 1523
f 2989 1523 1531
f 2989 98 93
f 98 2989 1531
f 98 1531 1536
f 2990 42 41
f 2991 42 2990
f 42 2991 1481
f 42 1481 1480
f 2992 2993 2990
f 2992 2990 41
f 2992 41 52
f 2994 2991 2990
f 2994 2990 2993
f 2995 2991 2994
f 2991 2995 1491
f 2991 1491 1481
f 2992 2996 2997
f 2992 2997 2993
f 2996 2992 52
f 2996 52 235
f 2998 2994 2993
f 2998 2993 2997
f 2999 2995 2994
f 2999 2994 2998
f 2995 2999 1671
f 2995 1671 1491
f 2996 3000 2997
f 3000 2996 235
f 3000 235 241
f 2998 2997 3000
f 2999 2998 3000
f 2999 3000 1678
f 2999 1678 1671
f 3001 3002 3000
f 3001 3000 241
f 3001 241 242
f 3003 3000 3002
f 3000 3003 1681
f 3000 1681 1678
f 3001 3004 3005
f 3001 3005 3002
f 3004 3001 242
f 3004 242 248
f 3006 3003 3002
f 3006 3002 3005
f 3003 3006 1688
f 3003 1688 1681
f 3004 3007 3008
f 3004 3008 3005
f 3007 3004 248
f 3007 248 255
f 3009 3006 3005
f 3009 3005 3008
f 3006 3009 1695
f 3006 1695 1688
f 3007 3010 3008
f 3010 3007 255
f 3010 255 262
f 3009 3008 3010
f 3009 3010 1703
f 3009 1703 1695
f 3011 3012 3010
f 3013 3011 3010
f 3013 3010 262
f 3013 262 264
f 3014 3010 3012
f 3015 3010 3014
f 3010 3015 1705
f 3010 1705 1703
f 3011 3016 3017
f 3011 3017 3012
f 3013 3016 3011
f 3016 3013 264
f 3016 264 270
f 3018 3014 3012
f 3018 3012 3017
f 3015 3014 3018
f 3015 3018 1712
f 3015 1712 1705
f 3016 3019 3020
f 3016 3020 3017
f 3021 3019 3016
f 3021 3016 270
f 3021 270 279
f 3022 3018 3017
f 3022 3017 3020
f 3023 3018 3022
f 3018 3023 1723
f 3018 1723 1712
f 3019 3024 3025
f 3019 3025 3020
f 3021 3026 3024
f 3021 3024 3019
f 3026 3021 279
f 3026 279 288
f 3027 3022 3020
f 3027 3020 3025
f 3028 3023 3022
f 3028 3022 3027
f 3023 3028 1734
f 3023 1734 1723
f 3024 3029 3025
f 3026 3029 3024
f 3029 3026 288
f 3029 288 297
f 3027 3025 3029
f 3028 3027 3029
f 3028 3029 1746
f 3028 1746 1734
f 3030 3029 297
f 3030 297 299
f 3031 3029 3030
f 3029 3031 1747
f 3029 1747 1746
f 3030 299 311
f 3031 3030 311
f 3031 311 1761
f 3031 1761 1747
f 3032 311 310
f 3033 311 3032
f 3034 311 3033
f 311 3034 1762
f 311 1762 1761
f 3035 3032 310
f 3035 310 328
f 3036 3033 3032
f 3036 3032 3035
f 3037 3034 3033
f 3037 3033 3036
f 3034 3037 1776
f 3034 1776 1762
f 3038 3035 328
f 3038 328 344
f 3039 3036 3035
f 3039 3035 3038
f 3040 3037 3036
f 3040 3036 3039
f 3037 3040 1790
f 3037 1790 1776
f 3041 3038 344
f 3041 344 359
f 3042 3039 3038
f 3042 3038 3041
f 3040 3039 3042
f 3040 3042 1804
f 3040 1804 1790
f 3043 3044 3041
f 3043 3041 359
f 3043 359 360
f 3045 3042 3041
f 3045 3041 3044
f 3046 3042 3045
f 3042 3046 1806
f 3042 1806 1804
f 3043 3047 3048
f 3043 3048 3044
f 3047 3043 360
f 3047 360 383
f 3049 3045 3044
f 3049 3044 3048
f 3050 3046 3045
f 3050 3045 3049
f 3046 3050 1821
f 3046 1821 1806
f 3047 3051 3052
f 3047 3052 3048
f 3051 3047 383
f 3051 383 403
f 3053 3049 3048
f 3053 3048 3052
f 3054 3050 3049
f 3054 3049 3053
f 3050 3054 1837
f 3050 1837 1821
f 3051 3055 3056
f 3051 3056 3052
f 3055 3051 403
f 3055 403 421
f 3057 3053 3052
f 3057 3052 3056
f 3058 3054 3053
f 3058 3053 3057
f 3054 3058 1852
f 3054 1852 1837
f 3055 3059 3060
f 3055 3060 3056
f 3059 3055 421
f 3059 421 439
f 3061 3057 3056
f 3061 3056 3060
f 3062 3058 3057
f 3062 3057 3061
f 3058 3062 1867
f 3058 1867 1852
f 3059 3063 3064
f 3059 3064 3060
f 3063 3059 439
f 3063 439 457
f 3065 3061 3060
f 3065 3060 3064
f 3066 3062 3061
f 3066 3061 3065
f 3062 3066 1882
f 3062 1882 1867
f 3063 3067 3064
f 3067 3063 457
f 3067 457 475
f 3065 3064 3067
f 3066 3065 3067
f 3066 3067 1895
f 3066 1895 1882
f 3068 3069 3067
f 3070 3068 3067
f 3070 3067 475
f 3070 475 476
f 3071 3067 3069
f 3072 3067 3071
f 3067 3072 1902
f 3067 1902 1895
f 3068 3073 3074
f 3068 3074 3069
f 3070 3075 3073
f 3070 3073 3068
f 3075 3070 476
f 3075 476 493
f 3076 3071 3069
f 3076 3069 3074
f 3077 3072 3071
f 3077 3071 3076
f 3072 3077 1918
f 3072 1918 1902
f 3073 3078 3079
f 3073 3079 3074
f 3075 3080 3078
f 3075 3078 3073
f 3080 3075 493
f 3080 493 509
f 3081 3076 3074
f 3081 3074 3079
f 3082 3077 3076
f 3082 3076 3081
f 3077 3082 1932
f 3077 1932 1918
f 3078 3083 3084
f 3078 3084 3079
f 3080 3083 3078
f 3083 3080 509
f 3083 509 525
f 3085 3081 3079
f 3085 3079 3084
f 3082 3081 3085
f 3082 3085 1947
f 3082 1947 1932
f 3083 3086 3087
f 3083 3087 3084
f 3088 3086 3083
f 3088 3083 525
f 3088 525 526
f 3089 3085 3084
f 3089 3084 3087
f 3090 3085 3089
f 3085 3090 1949
f 3085 1949 1947
f 3086 3091 3092
f 3086 3092 3087
f 3088 3093 3091
f 3088 3091 3086
f 3093 3088 526
f 3093 526 544
f 3094 3089 3087
f 3094 3087 3092
f 3095 3090 3089
f 3095 3089 3094
f 3090 3095 1968
f 3090 1968 1949
f 3091 3096 3097
f 3091 3097 3092
f 3093 3098 3096
f 3093 3096 3091
f 3098 3093 544
f 3098 544 561
f 3099 3094 3092
f 3099 3092 3097
f 3100 3095 3094
f 3100 3094 3099
f 3095 3100 1986
f 3095 1986 1968
f 3096 3101 3102
f 3096 3102 3097
f 3098 3103 3101
f 3098 3101 3096
f 3103 3098 561
f 3103 561 577
f 3104 3099 3097
f 3104 3097 3102
f 3105 3100 3099
f 3105 3099 3104
f 3100 3105 2003
f 3100 2003 1986
f 3101 3106 3102
f 3103 3106 3101
f 3106 3103 577
f 3106 577 592
f 3104 3102 3106
f 3105 3104 3106
f 3105 3106 2020
f 3105 2020 2003
f 3107 3108 3106
f 3109 3107 3106
f 3109 3106 592
f 3109 592 594
f 3110 3106 3108
f 3111 3106 3110
f 3106 3111 2024
f 3106 2024 2020
f 3107 3112 3113
f 3107 3113 3108
f 3109 3112 3107
f 3112 3109 594
f 3112 594 611
f 3114 3110 3108
f 3114 3108 3113
f 3111 3110 3114
f 3111 3114 2044
f 3111 2044 2024
f 3112 3115 3116
f 3112 3116 3113
f 3117 3115 3112
f 3117 3112 611
f 3117 611 612
f 3118 3114 3113
f 3118 3113 3116
f 3119 3114 3118
f 3114 3119 2046
f 3114 2046 2044
f 3115 3120 3121
f 3115 3121 3116
f 3117 3122 3120
f 3117 3120 3115
f 3122 3117 612
f 3122 612 633
f 3123 3118 3116
f 3123 3116 3121
f 3124 3119 3118
f 3124 3118 3123
f 3119 3124 2070
f 3119 2070 2046
f 3120 3125 3121
f 3122 3125 3120
f 3125 3122 633
f 3125 633 652
f 3123 3121 3125
f 3124 3123 3125
f 3124 3125 2094
f 3124 2094 2070
f 3126 3127 3125
f 3126 3125 652
f 3126 652 655
f 3128 3125 3127
f 3125 3128 2099
f 3125 2099 2094
f 3126 3129 3127
f 3129 3126 655
f 3129 655 658
f 3128 3127 3129
f 3128 3129 2102
f 3128 2102 2099
f 3130 3131 3129
f 3130 3129 658
f 3130 658 660
f 3132 3129 3131
f 3129 3132 2105
f 3129 2105 2102
f 3130 3133 3131
f 3133 3130 660
f 3133 660 691
f 3132 3131 3133
f 3132 3133 2142
f 3132 2142 2105
f 3134 3133 691
f 3134 691 696
f 3133 3134 2145
f 3133 2145 2142
f 3135 3136 3134
f 3135 3134 696
f 3135 696 697
f 3137 3134 3136
f 3134 3137 2148
f 3134 2148 2145
f 3135 3138 3136
f 3138 3135 697
f 3138 697 701
f 3137 3136 3138
f 3137 3138 2154
f 3137 2154 2148
f 3139 3138 701
f 3139 701 702
f 3140 3138 3139
f 3141 3138 3140
f 3138 3141 2156
f 3138 2156 2154
f 3139 702 3142
f 3140 3139 3142
f 3140 3142 3143
f 3141 3140 3143
f 3141 3143 3144
f 3141 3144 2156
f 3145 3146 1672
f 3145 1672 237
f 1437 2895 3146
f 1437 3146 3145
f 3147 3148 1682
f 3147 1682 244
f 237 1672 3148
f 237 3148 3147
f 3149 3150 1689
f 3149 1689 250
f 244 1682 3150
f 244 3150 3149
f 3151 3152 1696
f 3151 1696 257
f 250 1689 3152
f 250 3152 3151
f 3153 3154 1706
f 3153 1706 265
f 257 1696 3154
f 257 3154 3153
f 3155 3156 1713
f 3155 1713 271
f 265 1706 3156
f 265 3156 3155
f 3157 3158 1724
f 3157 1724 280
f 271 1713 3158
f 271 3158 3157
f 3159 3160 1735
f 3159 1735 289
f 280 1724 3160
f 280 3160 3159
f 3161 3162 1748
f 3161 1748 300
f 289 1735 3162
f 289 3162 3161
f 3163 3164 1763
f 3163 1763 312
f 300 1748 3164
f 300 3164 3163
f 3165 3166 1778
f 3165 1778 329
f 312 1763 3166
f 312 3166 3165
f 3167 3168 1794
f 3167 1794 349
f 329 1778 3168
f 329 3168 3167
f 3169 3170 1807
f 3169 1807 365
f 349 1794 3170
f 349 3170 3169
f 3171 3172 1825
f 3171 1825 388
f 365 1807 3172
f 365 3172 3171
f 3173 3174 1841
f 3173 1841 408
f 388 1825 3174
f 388 3174 3173
f 3175 3176 1856
f 3175 1856 426
f 408 1841 3176
f 408 3176 3175
f 3177 3178 1871
f 3177 1871 444
f 426 1856 3178
f 426 3178 3177
f 3179 3180 1888
f 3179 1888 462
f 444 1871 3180
f 444 3180 3179
f 3181 3182 1906
f 3181 1906 480
f 462 1888 3182
f 462 3182 3181
f 3183 3184 1919
f 3183 1919 496
f 480 1906 3184
f 480 3184 3183
f 3185 3186 1933
f 3185 1933 510
f 496 1919 3186
f 496 3186 3185
f 3187 3188 1950
f 3187 1950 527
f 510 1933 3188
f 510 3188 3187
f 3189 3190 1970
f 3189 1970 545
f 527 1950 3190
f 527 3190 3189
f 3191 3192 1988
f 3191 1988 562
f 545 1970 3192
f 545 3192 3191
f 3193 3194 2009
f 3193 2009 584
f 562 1988 3194
f 562 3194 3193
f 3195 3196 2029
f 3195 2029 601
f 584 2009 3196
f 584 3196 3195
f 3197 3198 2051
f 3197 2051 619
f 601 2029 3198
f 601 3198 3197
f 3199 3200 2076
f 3199 2076 640
f 619 2051 3200
f 619 3200 3199
f 3201 3202 2111
f 3201 2111 667
f 640 2076 3202
f 640 3202 3201
f 3203 3204 2161
f 3203 2161 707
f 667 2111 3204
f 667 3204 3203
f 3205 3206 2254
f 3205 2254 791
f 707 2161 3206
f 707 3206 3205
f 3207 3208 2251
f 3207 2251 789
f 791 2254 3208
f 791 3208 3207
f 3209 3210 2502
f 3209 2502 1025
f 789 2251 3210
f 789 3210 3209
f 3211 3212 2626
f 3211 2626 1153
f 1025 2502 3212
f 1025 3212 3211
f 3213 3214 2718
f 3213 2718 1248
f 1153 2626 3214
f 1153 3214 3213
f 3215 3216 2738
f 3215 2738 1271
f 1248 2718 3216
f 1248 3216 3215
f 3217 3218 2754
f 3217 2754 1286
f 1271 2738 3218
f 1271 3218 3217
f 3219 3220 2767
f 3219 2767 1299
f 1286 2754 3220
f 1286 3220 3219
f 3221 3222 2780
f 3221 2780 1317
f 1299 2767 3222
f 1299 3222 3221
f 3223 3224 2794
f 3223 2794 1334
f 1317 2780 3224
f 1317 3224 3223
f 3225 3226 2804
f 3225 2804 1346
f 1334 2794 3226
f 1334 3226 3225
f 3227 3228 2814
f 3227 2814 1358
f 1346 2804 3228
f 1346 3228 3227
f 3229 3230 2821
f 3229 2821 1365
f 1358 2814 3230
f 1358 3230 3229
f 3231 3232 2825
f 3231 2825 1372
f 1365 2821 3232
f 1365 3232 3231
f 3233 3234 2831
f 3233 2831 1379
f 1372 2825 3234
f 1372 3234 3233
f 3235 3236 2837
f 3235 2837 1385
f 1379 2831 3236
f 1379 3236 3235
f 3237 3238 2843
f 3237 2843 1389
f 1385 2837 3238
f 1385 3238 3237
f 3239 3240 2848
f 3239 2848 1394
f 1389 2843 3240
f 1389 3240 3239
f 3241 3242 2853
f 3241 2853 1400
f 1394 2848 3242
f 1394 3242 3241
f 3243 3244 2858
f 3243 2858 1404
f 1400 2853 3244
f 1400 3244 3243
f 3245 3246 2863
f 3245 2863 1408
f 1404 2858 3246
f 1404 3246 3245
f 3247 3248 2867
f 3247 2867 1412
f 1408 2863 3248
f 1408 3248 3247
f 3249 3250 2871
f 3249 2871 1415
f 1412 2867 3250
f 1412 3250 3249
f 3251 3252 2872
f 3251 2872 1417
f 1415 2871 3252
f 1415 3252 3251
f 3253 3254 2875
f 3253 2875 1419
f 1417 2872 3254
f 1417 3254 3253
f 3255 3256 2877
f 3255 2877 1421
f 1419 2875 3256
f 1419 3256 3255
f 3257 3258 2879
f 3257 2879 1423
f 1421 2877 3258
f 1421 3258 3257
f 3259 3260 2881
f 3259 2881 1425
f 1423 2879 3260
f 1423 3260 3259
f 3261 3262 2885
f 3261 2885 1428
f 1425 2881 3262
f 1425 3262 3261
f 3263 3264 2888
f 3263 2888 1431
f 1428 2885 3264
f 1428 3264 3263
f 3265 3266 2891
f 3265 2891 1434
f 1431 2888 3266
f 1431 3266 3265
f 3267 3268 2892
f 3267 2892 1436
f 1434 2891 3268
f 1434 3268 3267
f 3269 3270 2894
f 3269 2894 1438
f 1436 2892 3270
f 1436 3270 3269
f 3271 3272 2895
f 3271 2895 1437
f 1438 2894 3272
f 1438 3272 3271
f 3142 740 3273
f 3142 3273 3143
f 3143 3273 2201
f 3143 2201 3144
f 740 743 3274
f 740 3274 3273
f 3273 3274 2204
f 3273 2204 2201
f 743 747 3275
f 743 3275 3274
f 3274 3275 2207
f 3274 2207 2204
f 3276 747 748
f 747 3276 3277
f 747 3277 3275
f 3278 3275 3277
f 3275 3278 2208
f 3275 2208 2207
f 3276 748 751
f 3276 751 3279
f 3276 3279 3277
f 3278 3277 3279
f 3278 3279 2212
f 3278 2212 2208
f 751 753 3280
f 751 3280 3279
f 3279 3280 2214
f 3279 2214 2212
f 753 755 3281
f 753 3281 3280
f 3280 3281 2216
f 3280 2216 2214
f 755 757 3282
f 755 3282 3281
f 3281 3282 2218
f 3281 2218 2216
f 757 759 3283
f 757 3283 3282
f 3282 3283 2220
f 3282 2220 2218
f 759 761 3284
f 759 3284 3283
f 3283 3284 2222
f 3283 2222 2220
f 3285 761 765
f 761 3285 3286
f 761 3286 3284
f 3287 3284 3286
f 3284 3287 2225
f 3284 2225 2222
f 3285 765 767
f 3285 767 3288
f 3285 3288 3286
f 3287 3286 3288
f 3287 3288 2227
f 3287 2227 2225
f 767 769 3289
f 767 3289 3288
f 3288 3289 2230
f 3288 2230 2227
f 769 772 3290
f 769 3290 3289
f 3289 3290 2233
f 3289 2233 2230
f 772 775 3291
f 772 3291 3290
f 3290 3291 2236
f 3290 2236 2233
f 775 778 3292
f 775 3292 3291
f 3291 3292 2239
f 3291 2239 2236
f 778 781 3293
f 778 3293 3292
f 3292 3293 2242
f 3292 2242 2239
f 3294 781 784
f 781 3294 3295
f 781 3295 3293
f 3296 3293 3295
f 3293 3296 2245
f 3293 2245 2242
f 3294 784 786
f 3294 786 3297
f 3294 3297 3295
f 3296 3295 3297
f 3296 3297 2247
f 3296 2247 2245
f 3298 786 787
f 786 3298 3299
f 786 3299 3297
f 3297 3299 2249
f 3297 2249 2247
f 3298 787 872
f 3298 872 2342
f 3298 2342 3299
f 3299 2342 2249
f 3300 3301 2679
f 3300 2679 1207
f 1235 2707 3301
f 1235 3301 3300
f 3302 3303 2680
f 3302 2680 1208
f 1207 2679 3303
f 1207 3303 3302
f 3304 3305 3306
f 3304 3306 2666
f 1192 3304 2666
f 1192 2666 1195
f 3307 2664 3306
f 3307 3306 3305
f 3304 3308 3305
f 1192 3308 3304
f 3307 1208 2680
f 3307 2680 2664
f 1208 3307 3305
f 1208 3305 3308
f 3309 3310 2668
f 3309 2668 1197
f 1195 2666 3310
f 1195 3310 3309
f 3311 3312 2670
f 3311 2670 1199
f 1197 2668 3312
f 1197 3312 3311
f 3313 3314 2672
f 3313 2672 1201
f 1199 2670 3314
f 1199 3314 3313
f 3315 3316 2674
f 3315 2674 1203
f 1201 2672 3316
f 1201 3316 3315
f 3317 3318 2675
f 3317 2675 1202
f 1203 2674 3318
f 1203 3318 3317
f 3319 3320 2676
f 3319 2676 1204
f 1202 2675 3320
f 1202 3320 3319
f 3321 3322 2677
f 3321 2677 1205
f 1204 2676 3322
f 1204 3322 3321
f 3323 3324 3325
f 3323 3325 2548
f 1068 3323 2548
f 1068 2548 1069
f 3326 2547 3325
f 3326 3325 3324
f 3323 3327 3324
f 1068 3327 3323
f 3326 1205 2677
f 3326 2677 2547
f 1205 3326 3324
f 1205 3324 3327
f 3328 3329 2549
f 3328 2549 1070
f 1069 2548 3329
f 1069 3329 3328
f 3330 3331 2550
f 3330 2550 1071
f 1070 2549 3331
f 1070 3331 3330
f 3332 3333 2551
f 3332 2551 1072
f 1071 2550 3333
f 1071 3333 3332
f 3334 3335 2552
f 3334 2552 1073
f 1072 2551 3335
f 1072 3335 3334
f 3336 3337 2553
f 3336 2553 1074
f 1073 2552 3337
f 1073 3337 3336
f 3338 3339 2554
f 3338 2554 1075
f 1074 2553 3339
f 1074 3339 3338
f 3340 3341 2555
f 3340 2555 1076
f 1075 2554 3341
f 1075 3341 3340
f 3342 3343 2556
f 3342 2556 1077
f 1076 2555 3343
f 1076 3343 3342
f 3344 3345 2557
f 3344 2557 1078
f 1077 2556 3345
f 1077 3345 3344
f 3346 3347 2558
f 3346 2558 1079
f 1078 2557 3347
f 1078 3347 3346
f 3348 3349 3350
f 3348 3350 2417
f 933 3348 2417
f 933 2417 934
f 3351 2416 3350
f 3351 3350 3349
f 3348 3352 3349
f 933 3352 3348
f 3351 1079 2558
f 3351 2558 2416
f 1079 3351 3349
f 1079 3349 3352
f 3353 3354 2419
f 3353 2419 935
f 934 2417 3354
f 934 3354 3353
f 3355 3356 2421
f 3355 2421 937
f 935 2419 3356
f 935 3356 3355
f 3357 3358 2423
f 3357 2423 939
f 937 2421 3358
f 937 3358 3357
f 3359 3360 2425
f 3359 2425 942
f 939 2423 3360
f 939 3360 3359
f 3361 3362 2428
f 3361 2428 944
f 942 2425 3362
f 942 3362 3361
f 3363 3364 2430
f 3363 2430 946
f 944 2428 3364
f 944 3364 3363
f 3365 3366 2432
f 3365 2432 948
f 946 2430 3366
f 946 3366 3365
f 3367 3368 2434
f 3367 2434 950
f 948 2432 3368
f 948 3368 3367
f 3369 3370 3371
f 951 3370 3369
f 3372 950 2434
f 3372 2434 2433
f 950 3372 3371
f 950 3371 3370
f 3369 3371 3373
f 3369 3373 2444
f 951 3369 2444
f 951 2444 960
f 3372 2433 3373
f 3372 3373 3371
f 3374 3375 2448
f 3374 2448 964
f 960 2444 3375
f 960 3375 3374
f 3376 3377 2452
f 3376 2452 968
f 964 2448 3377
f 964 3377 3376
f 3378 3379 2456
f 3378 2456 972
f 968 2452 3379
f 968 3379 3378
f 3380 3381 2460
f 3380 2460 976
f 972 2456 3381
f 972 3381 3380
f 3382 3383 2465
f 3382 2465 981
f 976 2460 3383
f 976 3383 3382
f 3384 3385 2470
f 3384 2470 986
f 981 2465 3385
f 981 3385 3384
f 3386 3387 2475
f 3386 2475 991
f 986 2470 3387
f 986 3387 3386
f 3388 3389 2480
f 3388 2480 996
f 991 2475 3389
f 991 3389 3388
f 3390 3391 2478
f 3390 2478 994
f 996 2480 3391
f 996 3391 3390
f 3392 3393 2483
f 3392 2483 998
f 994 2478 3393
f 994 3393 3392
f 3394 3395 2485
f 3394 2485 1001
f 998 2483 3395
f 998 3395 3394
f 3396 3397 2487
f 3396 2487 1003
f 1001 2485 3397
f 1001 3397 3396
f 3398 3399 3400
f 1004 3399 3398
f 3401 1003 2487
f 3401 2487 2486
f 1003 3401 3400
f 1003 3400 3399
f 3398 3400 3402
f 3398 3402 2572
f 1004 3398 2572
f 1004 2572 1093
f 3401 2486 3402
f 3401 3402 3400
f 3403 3404 2574
f 3403 2574 1095
f 1093 2572 3404
f 1093 3404 3403
f 3405 3406 2577
f 3405 2577 1097
f 1095 2574 3406
f 1095 3406 3405
f 3407 3408 2579
f 3407 2579 1099
f 1097 2577 3408
f 1097 3408 3407
f 3409 3410 2581
f 3409 2581 1101
f 1099 2579 3410
f 1099 3410 3409
f 3411 3412 2583
f 3411 2583 1103
f 1101 2581 3412
f 1101 3412 3411
f 3413 3414 2585
f 3413 2585 1105
f 1103 2583 3414
f 1103 3414 3413
f 3415 3416 2587
f 3415 2587 1107
f 1105 2585 3416
f 1105 3416 3415
f 3417 3418 2589
f 3417 2589 1109
f 1107 2587 3418
f 1107 3418 3417
f 3419 3420 2591
f 3419 2591 1111
f 1109 2589 3420
f 1109 3420 3419
f 3421 3422 2593
f 3421 2593 1113
f 1111 2591 3422
f 1111 3422 3421
f 3423 3424 2595
f 3423 2595 1115
f 1113 2593 3424
f 1113 3424 3423
f 3425 3426 2597
f 3425 2597 1117
f 1115 2595 3426
f 1115 3426 3425
f 3427 3428 3429
f 1118 3428 3427
f 3430 1117 2597
f 3430 2597 2596
f 1117 3430 3429
f 1117 3429 3428
f 3427 3429 3431
f 3427 3431 2694
f 1118 3427 2694
f 1118 2694 1222
f 3430 2596 3431
f 3430 3431 3429
f 3432 3433 2696
f 3432 2696 1224
f 1222 2694 3433
f 1222 3433 3432
f 3434 3435 2698
f 3434 2698 1226
f 1224 2696 3435
f 1224 3435 3434
f 3436 3437 2700
f 3436 2700 1228
f 1226 2698 3437
f 1226 3437 3436
f 3438 3439 2702
f 3438 2702 1230
f 1228 2700 3439
f 1228 3439 3438
f 3440 3441 2704
f 3440 2704 1232
f 1230 2702 3441
f 1230 3441 3440
f 3442 3443 2706
f 3442 2706 1234
f 1232 2704 3443
f 1232 3443 3442
f 3444 3445 2707
f 3444 2707 1235
f 1234 2706 3445
f 1234 3445 3444
f 3446 3447 1446
f 3446 1446 8
f 231 1667 3447
f 231 3447 3446
f 3448 3449 1450
f 3448 1450 12
f 8 1446 3449
f 8 3449 3448
f 3450 3451 1454
f 3450 1454 16
f 12 1450 3451
f 12 3451 3450
f 3452 3453 1458
f 3452 1458 20
f 16 1454 3453
f 16 3453 3452
f 3454 3455 1462
f 3454 1462 24
f 20 1458 3455
f 20 3455 3454
f 3456 3457 1466
f 3456 1466 28
f 24 1462 3457
f 24 3457 3456
f 3458 3459 1470
f 3458 1470 32
f 28 1466 3459
f 28 3459 3458
f 3460 3461 1474
f 3460 1474 36
f 32 1470 3461
f 32 3461 3460
f 3462 3463 1482
f 3462 1482 44
f 36 1474 3463
f 36 3463 3462
f 3464 3465 1492
f 3464 1492 54
f 44 1482 3465
f 44 3465 3464
f 3466 3467 1500
f 3466 1500 62
f 54 1492 3467
f 54 3467 3466
f 3468 3469 1507
f 3468 1507 71
f 62 1500 3469
f 62 3469 3468
f 3470 3471 1514
f 3470 1514 78
f 71 1507 3471
f 71 3471 3470
f 3472 3473 1524
f 3472 1524 86
f 78 1514 3473
f 78 3473 3472
f 3474 3475 1532
f 3474 1532 94
f 86 1524 3475
f 86 3475 3474
f 3476 3477 1539
f 3476 1539 102
f 94 1532 3477
f 94 3477 3476
f 3478 3479 1545
f 3478 1545 109
f 102 1539 3479
f 102 3479 3478
f 3480 3481 1553
f 3480 1553 114
f 109 1545 3481
f 109 3481 3480
f 3482 3483 1560
f 3482 1560 119
f 114 1553 3483
f 114 3483 3482
f 3484 3485 1563
f 3484 1563 125
f 119 1560 3485
f 119 3485 3484
f 3486 3487 1566
f 3486 1566 128
f 125 1563 3487
f 125 3487 3486
f 3488 3489 1569
f 3488 1569 131
f 128 1566 3489
f 128 3489 3488
f 3490 3491 1572
f 3490 1572 134
f 131 1569 3491
f 131 3491 3490
f 3492 3493 1575
f 3492 1575 137
f 134 1572 3493
f 134 3493 3492
f 3494 3495 1578
f 3494 1578 140
f 137 1575 3495
f 137 3495 3494
f 3496 3497 1581
f 3496 1581 143
f 140 1578 3497
f 140 3497 3496
f 3498 3499 1584
f 3498 1584 146
f 143 1581 3499
f 143 3499 3498
f 3500 3501 1587
f 3500 1587 149
f 146 1584 3501
f 146 3501 3500
f 3502 3503 1590
f 3502 1590 152
f 149 1587 3503
f 149 3503 3502
f 3504 3505 1593
f 3504 1593 155
f 152 1590 3505
f 152 3505 3504
f 3506 3507 1596
f 3506 1596 158
f 155 1593 3507
f 155 3507 3506
f 3508 3509 1599
f 3508 1599 161
f 158 1596 3509
f 158 3509 3508
f 3510 3511 1602
f 3510 1602 164
f 161 1599 3511
f 161 3511 3510
f 3512 3513 1605
f 3512 1605 167
f 164 1602 3513
f 164 3513 3512
f 3514 3515 1608
f 3514 1608 170
f 167 1605 3515
f 167 3515 3514
f 3516 3517 1611
f 3516 1611 173
f 170 1608 3517
f 170 3517 3516
f 3518 3519 1614
f 3518 1614 176
f 173 1611 3519
f 173 3519 3518
f 3520 3521 1617
f 3520 1617 179
f 176 1614 3521
f 176 3521 3520
f 3522 3523 1619
f 3522 1619 182
f 179 1617 3523
f 179 3523 3522
f 3524 3525 1620
f 3524 1620 184
f 182 1619 3525
f 182 3525 3524
f 3526 3527 1622
f 3526 1622 186
f 184 1620 3527
f 184 3527 3526
f 3528 3529 1624
f 3528 1624 188
f 186 1622 3529
f 186 3529 3528
f 3530 3531 1626
f 3530 1626 190
f 188 1624 3531
f 188 3531 3530
f 3532 3533 1628
f 3532 1628 192
f 190 1626 3533
f 190 3533 3532
f 3534 3535 1630
f 3534 1630 194
f 192 1628 3535
f 192 3535 3534
f 3536 3537 1632
f 3536 1632 196
f 194 1630 3537
f 194 3537 3536
f 3538 3539 1634
f 3538 1634 198
f 196 1632 3539
f 196 3539 3538
f 3540 3541 1636
f 3540 1636 200
f 198 1634 3541
f 198 3541 3540
f 3542 3543 1638
f 3542 1638 202
f 200 1636 3543
f 200 3543 3542
f 3544 3545 1640
f 3544 1640 204
f 202 1638 3545
f 202 3545 3544
f 3546 3547 1642
f 3546 1642 206
f 204 1640 3547
f 204 3547 3546
f 3548 3549 1644
f 3548 1644 208
f 206 1642 3549
f 206 3549 3548
f 3550 3551 1646
f 3550 1646 210
f 208 1644 3551
f 208 3551 3550
f 3552 3553 1648
f 3552 1648 212
f 210 1646 3553
f 210 3553 3552
f 3554 3555 1650
f 3554 1650 214
f 212 1648 3555
f 212 3555 3554
f 3556 3557 1652
f 3556 1652 216
f 214 1650 3557
f 214 3557 3556
f 3558 3559 1654
f 3558 1654 218
f 216 1652 3559
f 216 3559 3558
f 3560 3561 1656
f 3560 1656 220
f 218 1654 3561
f 218 3561 3560
f 3562 3563 1658
f 3562 1658 222
f 220 1656 3563
f 220 3563 3562
f 3564 3565 1660
f 3564 1660 224
f 222 1658 3565
f 222 3565 3564
f 3566 3567 1662
f 3566 1662 226
f 224 1660 3567
f 224 3567 3566
f 3568 3569 1664
f 3568 1664 228
f 226 1662 3569
f 226 3569 3568
f 3570 3571 1666
f 3570 1666 230
f 228 1664 3571
f 228 3571 3570
f 3572 3573 1667
f 3572 1667 231
f 230 1666 3573
f 230 3573 3572
